abilities,against_bug,against_dark,against_dragon,against_electric,against_fairy,against_fight,against_fire,against_flying,against_ghost,against_grass,against_ground,against_ice,against_normal,against_poison,against_psychic,against_rock,against_steel,against_water,attack,defense,hp,sp_attack,name,sp_defense,speed,base_happiness,base_total
"['Overgrow', 'Chlorophyll']",1,1,1,0.5,0.5,0.5,2,2,1,0.25,1,2,1,1,2,1,1,0.5,49,49,45,65,Bulbasaur,65,45,70,318
"['Overgrow', 'Chlorophyll']",1,1,1,0.5,0.5,0.5,2,2,1,0.25,1,2,1,1,2,1,1,0.5,62,63,60,80,Ivysaur,80,60,70,405
"['Overgrow', 'Chlorophyll']",1,1,1,0.5,0.5,0.5,2,2,1,0.25,1,2,1,1,2,1,1,0.5,100,123,80,122,Venusaur,120,80,70,625
"['Blaze', 'Solar Power']",0.5,1,1,1,0.5,1,0.5,1,1,0.5,2,0.5,1,1,1,2,0.5,2,52,43,39,60,Charmander,50,65,70,309
"['Blaze', 'Solar Power']",0.5,1,1,1,0.5,1,0.5,1,1,0.5,2,0.5,1,1,1,2,0.5,2,64,58,58,80,Charmeleon,65,80,70,405
"['Blaze', 'Solar Power']",0.25,1,1,2,0.5,0.5,0.5,1,1,0.25,0,1,1,1,1,4,0.5,2,104,78,78,159,Charizard,115,100,70,634
"['Torrent', 'Rain Dish']",1,1,1,2,1,1,0.5,1,1,2,1,0.5,1,1,1,1,0.5,0.5,48,65,44,50,Squirtle,64,43,70,314
"['Torrent', 'Rain Dish']",1,1,1,2,1,1,0.5,1,1,2,1,0.5,1,1,1,1,0.5,0.5,63,80,59,65,Wartortle,80,58,70,405
"['Torrent', 'Rain Dish']",1,1,1,2,1,1,0.5,1,1,2,1,0.5,1,1,1,1,0.5,0.5,103,120,79,135,Blastoise,115,78,70,630
"['Shield Dust', 'Run Away']",1,1,1,1,1,0.5,2,2,1,0.5,0.5,1,1,1,1,2,1,1,30,35,45,20,Caterpie,20,45,70,195
['Shed Skin'],1,1,1,1,1,0.5,2,2,1,0.5,0.5,1,1,1,1,2,1,1,20,55,50,25,Metapod,25,30,70,205
"['Compoundeyes', 'Tinted Lens']",0.5,1,1,2,1,0.25,2,2,1,0.25,0,2,1,1,1,4,1,1,45,50,60,90,Butterfree,80,70,70,395
"['Shield Dust', 'Run Away']",0.5,1,1,1,0.5,0.25,2,2,1,0.25,1,1,1,0.5,2,2,1,1,35,30,40,20,Weedle,20,50,70,195
['Shed Skin'],0.5,1,1,1,0.5,0.25,2,2,1,0.25,1,1,1,0.5,2,2,1,1,25,50,45,25,Kakuna,25,35,70,205
"['Swarm', 'Sniper']",0.5,1,1,1,0.5,0.25,2,2,1,0.25,1,1,1,0.5,2,2,1,1,150,40,65,15,Beedrill,80,145,70,495
"['Keen Eye', 'Tangled Feet', 'Big Pecks']",0.5,1,1,2,1,1,1,1,0,0.5,0,2,1,1,1,2,1,1,45,40,40,35,Pidgey,35,56,70,251
"['Keen Eye', 'Tangled Feet', 'Big Pecks']",0.5,1,1,2,1,1,1,1,0,0.5,0,2,1,1,1,2,1,1,60,55,63,50,Pidgeotto,50,71,70,349
"['Keen Eye', 'Tangled Feet', 'Big Pecks']",0.5,1,1,2,1,1,1,1,0,0.5,0,2,1,1,1,2,1,1,80,80,83,135,Pidgeot,80,121,70,579
"['Run Away', 'Guts', 'Hustle', 'Gluttony', 'Hustle', 'Thick Fat']",1,1,1,1,1,2,1,1,0,1,1,1,1,1,1,1,1,1,56,35,30,25,Rattata,35,72,70,253
"['Run Away', 'Guts', 'Hustle', 'Gluttony', 'Hustle', 'Thick Fat']",1,1,1,1,1,2,1,1,0,1,1,1,1,1,1,1,1,1,71,70,75,40,Raticate,80,77,70,413
"['Keen Eye', 'Sniper']",0.5,1,1,2,1,1,1,1,0,0.5,0,2,1,1,1,2,1,1,60,30,40,31,Spearow,31,70,70,262
"['Keen Eye', 'Sniper']",0.5,1,1,2,1,1,1,1,0,0.5,0,2,1,1,1,2,1,1,90,65,65,61,Fearow,61,100,70,442
"['Intimidate', 'Shed Skin', 'Unnerve']",0.5,1,1,1,0.5,0.5,1,1,1,0.5,2,1,1,0.5,2,1,1,1,60,44,35,40,Ekans,54,55,70,288
"['Intimidate', 'Shed Skin', 'Unnerve']",0.5,1,1,1,0.5,0.5,1,1,1,0.5,2,1,1,0.5,2,1,1,1,95,69,60,65,Arbok,79,80,70,448
"['Static', 'Lightningrod']",1,1,1,0.5,1,1,1,0.5,1,1,2,1,1,1,1,1,0.5,1,55,40,35,50,Pikachu,50,90,70,320
"['Static', 'Lightningrod', 'Surge Surfer']",1,1,1,0.5,1,1,1,0.5,1,1,2,1,1,1,1,1,0.5,1,85,50,60,95,Raichu,85,110,70,485
"['Sand Veil', 'Sand Rush', 'Snow Cloak', 'Slush Rush']",1,1,1,0,1,1,1,1,1,2,1,2,1,0.5,1,0.5,1,2,75,90,50,10,Sandshrew,35,40,70,300
"['Sand Veil', 'Sand Rush', 'Snow Cloak', 'Slush Rush']",1,1,1,0,1,1,1,1,1,2,1,2,1,0.5,1,0.5,1,2,100,120,75,25,Sandslash,65,65,70,450
"['Poison Point', 'Rivalry', 'Hustle']",0.5,1,1,1,0.5,0.5,1,1,1,0.5,2,1,1,0.5,2,1,1,1,47,52,55,40,Nidoranä»ó,40,41,70,275
"['Poison Point', 'Rivalry', 'Hustle']",0.5,1,1,1,0.5,0.5,1,1,1,0.5,2,1,1,0.5,2,1,1,1,62,67,70,55,Nidorina,55,56,70,365
"['Poison Point', 'Rivalry', 'Sheer Force']",0.5,1,1,0,0.5,0.5,1,1,1,1,2,2,1,0.25,2,0.5,1,2,92,87,90,75,Nidoqueen,85,76,70,505
"['Poison Point', 'Rivalry', 'Hustle']",0.5,1,1,1,0.5,0.5,1,1,1,0.5,2,1,1,0.5,2,1,1,1,57,40,46,40,Nidoranä»‰,40,50,70,273
"['Poison Point', 'Rivalry', 'Hustle']",0.5,1,1,1,0.5,0.5,1,1,1,0.5,2,1,1,0.5,2,1,1,1,72,57,61,55,Nidorino,55,65,70,365
"['Poison Point', 'Rivalry', 'Sheer Force']",0.5,1,1,0,0.5,0.5,1,1,1,1,2,2,1,0.25,2,0.5,1,2,102,77,81,85,Nidoking,75,85,70,505
"['Cute Charm', 'Magic Guard', 'Friend Guard']",0.5,0.5,0,1,1,0.5,1,1,1,1,1,1,1,2,1,1,2,1,45,48,70,60,Clefairy,65,35,140,323
"['Cute Charm', 'Magic Guard', 'Unaware']",0.5,0.5,0,1,1,0.5,1,1,1,1,1,1,1,2,1,1,2,1,70,73,95,95,Clefable,90,60,140,483
"['Flash Fire', 'Drought', 'Snow Cloak', 'Snow Warning']",0.5,1,1,1,0.5,1,0.5,1,1,0.5,2,0.5,1,1,1,2,0.5,2,41,40,38,50,Vulpix,65,65,70,299
"['Flash Fire', 'Drought', 'Snow Cloak', 'Snow Warning']",0.5,1,1,1,0.5,1,0.5,1,1,0.5,2,0.5,1,1,1,2,0.5,2,67,75,73,81,Ninetales,100,109,70,505
"['Cute Charm', 'Competitive', 'Friend Guard']",0.5,0.5,0,1,1,1,1,1,0,1,1,1,1,2,1,1,2,1,45,20,115,45,Jigglypuff,25,20,70,270
"['Cute Charm', 'Competitive', 'Frisk']",0.5,0.5,0,1,1,1,1,1,0,1,1,1,1,2,1,1,2,1,70,45,140,85,Wigglytuff,50,45,70,435
"['Inner Focus', 'Infiltrator']",0.25,1,1,2,0.5,0.25,1,1,1,0.25,0,2,1,0.5,2,2,1,1,45,35,40,30,Zubat,40,55,70,245
"['Inner Focus', 'Infiltrator']",0.25,1,1,2,0.5,0.25,1,1,1,0.25,0,2,1,0.5,2,2,1,1,80,70,75,65,Golbat,75,90,70,455
"['Chlorophyll', 'Run Away']",1,1,1,0.5,0.5,0.5,2,2,1,0.25,1,2,1,1,2,1,1,0.5,50,55,45,75,Oddish,65,30,70,320
"['Chlorophyll', 'Stench']",1,1,1,0.5,0.5,0.5,2,2,1,0.25,1,2,1,1,2,1,1,0.5,65,70,60,85,Gloom,75,40,70,395
"['Chlorophyll', 'Effect Spore']",1,1,1,0.5,0.5,0.5,2,2,1,0.25,1,2,1,1,2,1,1,0.5,80,85,75,110,Vileplume,90,50,70,490
"['Effect Spore', 'Dry Skin', 'Damp']",2,1,1,0.5,1,0.5,4,4,1,0.25,0.25,2,1,2,1,2,1,0.5,70,55,35,45,Paras,55,25,70,285
"['Effect Spore', 'Dry Skin', 'Damp']",2,1,1,0.5,1,0.5,4,4,1,0.25,0.25,2,1,2,1,2,1,0.5,95,80,60,60,Parasect,80,30,70,405
"['Compoundeyes', 'Tinted Lens', 'Run Away']",0.5,1,1,1,0.5,0.25,2,2,1,0.25,1,1,1,0.5,2,2,1,1,55,50,60,40,Venonat,55,45,70,305
"['Shield Dust', 'Tinted Lens', 'Wonder Skin ']",0.5,1,1,1,0.5,0.25,2,2,1,0.25,1,1,1,0.5,2,2,1,1,65,60,70,90,Venomoth,75,90,70,450
"['Sand Veil', 'Arena Trap', 'Sand Force', 'Sand Veil', 'Tangling Hair', 'Sand Force']",1,1,1,0,1,1,1,1,1,2,1,2,1,0.5,1,0.5,1,2,55,30,10,35,Diglett,45,90,70,265
"['Sand Veil', 'Arena Trap', 'Sand Force', 'Sand Veil', 'Tangling Hair', 'Sand Force']",1,1,1,0,1,1,1,1,1,2,1,2,1,0.5,1,0.5,1,2,100,60,35,50,Dugtrio,70,110,70,425
"['Pickup', 'Technician', 'Unnerve', 'Pickup', 'Technician', 'Rattled']",1,1,1,1,1,2,1,1,0,1,1,1,1,1,1,1,1,1,35,35,40,50,Meowth,40,90,70,290
"['Limber', 'Technician', 'Unnerve', 'Fur Coat', 'Technician', 'Rattled']",1,1,1,1,1,2,1,1,0,1,1,1,1,1,1,1,1,1,60,60,65,75,Persian,65,115,70,440
"['Damp', 'Cloud Nine', 'Swift Swim']",1,1,1,2,1,1,0.5,1,1,2,1,0.5,1,1,1,1,0.5,0.5,52,48,50,65,Psyduck,50,55,70,320
"['Damp', 'Cloud Nine', 'Swift Swim']",1,1,1,2,1,1,0.5,1,1,2,1,0.5,1,1,1,1,0.5,0.5,82,78,80,95,Golduck,80,85,70,500
"['Vital Spirit', 'Anger Point', 'Defiant']",0.5,0.5,1,1,2,1,1,2,1,1,1,1,1,1,2,0.5,1,1,80,35,40,35,Mankey,45,70,70,305
"['Vital Spirit', 'Anger Point', 'Defiant']",0.5,0.5,1,1,2,1,1,2,1,1,1,1,1,1,2,0.5,1,1,105,60,65,60,Primeape,70,95,70,455
"['Intimidate', 'Flash Fire', 'Justified']",0.5,1,1,1,0.5,1,0.5,1,1,0.5,2,0.5,1,1,1,2,0.5,2,70,45,55,70,Growlithe,50,60,70,350
"['Intimidate', 'Flash Fire', 'Justified']",0.5,1,1,1,0.5,1,0.5,1,1,0.5,2,0.5,1,1,1,2,0.5,2,110,80,90,100,Arcanine,80,95,70,555
"['Water Absorb', 'Damp', 'Swift Swim']",1,1,1,2,1,1,0.5,1,1,2,1,0.5,1,1,1,1,0.5,0.5,50,40,40,40,Poliwag,40,90,70,300
"['Water Absorb', 'Damp', 'Swift Swim']",1,1,1,2,1,1,0.5,1,1,2,1,0.5,1,1,1,1,0.5,0.5,65,65,65,50,Poliwhirl,50,90,70,385
"['Water Absorb', 'Damp', 'Swift Swim']",0.5,0.5,1,2,2,1,0.5,2,1,2,1,0.5,1,1,2,0.5,0.5,0.5,95,95,90,70,Poliwrath,90,70,70,510
"['Synchronize', 'Inner Focus', 'Magic Guard']",2,2,1,1,1,0.5,1,1,2,1,1,1,1,1,0.5,1,1,1,20,15,25,105,Abra,55,90,70,310
"['Synchronize', 'Inner Focus', 'Magic Guard']",2,2,1,1,1,0.5,1,1,2,1,1,1,1,1,0.5,1,1,1,35,30,40,120,Kadabra,70,105,70,400
"['Synchronize', 'Inner Focus', 'Magic Guard']",2,2,1,1,1,0.5,1,1,2,1,1,1,1,1,0.5,1,1,1,50,65,55,175,Alakazam,105,150,70,600
"['Guts', 'No Guard', 'Steadfast']",0.5,0.5,1,1,2,1,1,2,1,1,1,1,1,1,2,0.5,1,1,80,50,70,35,Machop,35,35,70,305
"['Guts', 'No Guard', 'Steadfast']",0.5,0.5,1,1,2,1,1,2,1,1,1,1,1,1,2,0.5,1,1,100,70,80,50,Machoke,60,45,70,405
"['Guts', 'No Guard', 'Steadfast']",0.5,0.5,1,1,2,1,1,2,1,1,1,1,1,1,2,0.5,1,1,130,80,90,65,Machamp,85,55,70,505
"['Chlorophyll', 'Gluttony']",1,1,1,0.5,0.5,0.5,2,2,1,0.25,1,2,1,1,2,1,1,0.5,75,35,50,70,Bellsprout,30,40,70,300
"['Chlorophyll', 'Gluttony']",1,1,1,0.5,0.5,0.5,2,2,1,0.25,1,2,1,1,2,1,1,0.5,90,50,65,85,Weepinbell,45,55,70,390
"['Chlorophyll', 'Gluttony']",1,1,1,0.5,0.5,0.5,2,2,1,0.25,1,2,1,1,2,1,1,0.5,105,65,80,100,Victreebel,70,70,70,490
"['Clear Body', 'Liquid Ooze', 'Rain Dish']",0.5,1,1,2,0.5,0.5,0.5,1,1,1,2,0.5,1,0.5,2,1,0.5,0.5,40,35,40,50,Tentacool,100,70,70,335
"['Clear Body', 'Liquid Ooze', 'Rain Dish']",0.5,1,1,2,0.5,0.5,0.5,1,1,1,2,0.5,1,0.5,2,1,0.5,0.5,70,65,80,80,Tentacruel,120,100,70,515
"['Rock Head', 'Sturdy', 'Sand Veil', 'Magnet Pull', 'Sturdy', 'Galvanize']",1,1,1,0,1,2,0.5,0.5,1,4,2,2,0.5,0.25,1,0.5,2,4,80,100,40,30,Geodude,30,20,70,300
"['Rock Head', 'Sturdy', 'Sand Veil', 'Magnet Pull', 'Sturdy', 'Galvanize']",1,1,1,0,1,2,0.5,0.5,1,4,2,2,0.5,0.25,1,0.5,2,4,95,115,55,45,Graveler,45,35,70,390
"['Rock Head', 'Sturdy', 'Sand Veil', 'Magnet Pull', 'Sturdy', 'Galvanize']",1,1,1,0,1,2,0.5,0.5,1,4,2,2,0.5,0.25,1,0.5,2,4,120,130,80,55,Golem,65,45,70,495
"['Run Away', 'Flash Fire', 'Flame Body']",0.5,1,1,1,0.5,1,0.5,1,1,0.5,2,0.5,1,1,1,2,0.5,2,85,55,50,65,Ponyta,65,90,70,410
"['Run Away', 'Flash Fire', 'Flame Body']",0.5,1,1,1,0.5,1,0.5,1,1,0.5,2,0.5,1,1,1,2,0.5,2,100,70,65,80,Rapidash,80,105,70,500
"['Oblivious', 'Own Tempo', 'Regenerator']",2,2,1,2,1,0.5,0.5,1,2,2,1,0.5,1,1,0.5,1,0.5,0.5,65,65,90,40,Slowpoke,40,15,70,315
"['Oblivious', 'Own Tempo', 'Regenerator']",2,2,1,2,1,0.5,0.5,1,2,2,1,0.5,1,1,0.5,1,0.5,0.5,75,180,95,130,Slowbro,80,30,70,590
"['Magnet Pull', 'Sturdy', 'Analytic']",0.5,1,0.5,0.5,0.5,2,2,0.25,1,0.5,4,0.5,0.5,0,0.5,0.5,0.25,1,35,70,25,95,Magnemite,55,45,70,325
"['Magnet Pull', 'Sturdy', 'Analytic']",0.5,1,0.5,0.5,0.5,2,2,0.25,1,0.5,4,0.5,0.5,0,0.5,0.5,0.25,1,60,95,50,120,Magneton,70,70,70,465
"['Keen Eye', 'Inner Focus', 'Defiant']",0.5,1,1,2,1,1,1,1,0,0.5,0,2,1,1,1,2,1,1,90,55,52,58,Farfetch'd,62,60,70,377
"['Run Away', 'Early Bird', 'Tangled Feet']",0.5,1,1,2,1,1,1,1,0,0.5,0,2,1,1,1,2,1,1,85,45,35,35,Doduo,35,75,70,310
"['Run Away', 'Early Bird', 'Tangled Feet']",0.5,1,1,2,1,1,1,1,0,0.5,0,2,1,1,1,2,1,1,110,70,60,60,Dodrio,60,110,70,470
"['Thick Fat', 'Hydration', 'Ice Body']",1,1,1,2,1,1,0.5,1,1,2,1,0.5,1,1,1,1,0.5,0.5,45,55,65,45,Seel,70,45,70,325
"['Thick Fat', 'Hydration', 'Ice Body']",1,1,1,2,1,2,1,1,1,2,1,0.25,1,1,1,2,1,0.5,70,80,90,70,Dewgong,95,70,70,475
"['Stench', 'Sticky Hold', 'Poison Touch', 'Poison Touch', 'Gluttony', 'Power of Alchemy']",0.5,1,1,1,0.5,0.5,1,1,1,0.5,2,1,1,0.5,2,1,1,1,80,50,80,40,Grimer,50,25,70,325
"['Stench', 'Sticky Hold', 'Poison Touch', 'Poison Touch', 'Gluttony', 'Power of Alchemy']",0.5,1,1,1,0.5,0.5,1,1,1,0.5,2,1,1,0.5,2,1,1,1,105,75,105,65,Muk,100,50,70,500
"['Shell Armor', 'Skill Link', 'Overcoat']",1,1,1,2,1,1,0.5,1,1,2,1,0.5,1,1,1,1,0.5,0.5,65,100,30,45,Shellder,25,40,70,305
"['Shell Armor', 'Skill Link', 'Overcoat']",1,1,1,2,1,2,1,1,1,2,1,0.25,1,1,1,2,1,0.5,95,180,50,85,Cloyster,45,70,70,525
['Levitate'],0.25,2,1,1,0.5,0,1,1,2,0.5,2,1,0,0.25,2,1,1,1,35,30,30,100,Gastly,35,80,70,310
['Levitate'],0.25,2,1,1,0.5,0,1,1,2,0.5,2,1,0,0.25,2,1,1,1,50,45,45,115,Haunter,55,95,70,405
['Cursed Body'],0.25,2,1,1,0.5,0,1,1,2,0.5,2,1,0,0.25,2,1,1,1,65,80,60,170,Gengar,95,130,70,600
"['Rock Head', 'Sturdy', 'Weak Armor']",1,1,1,0,1,2,0.5,0.5,1,4,2,2,0.5,0.25,1,0.5,2,4,45,160,35,30,Onix,45,70,70,385
"['Insomnia', 'Forewarn', 'Inner Focus']",2,2,1,1,1,0.5,1,1,2,1,1,1,1,1,0.5,1,1,1,48,45,60,43,Drowzee,90,42,70,328
"['Insomnia', 'Forewarn', 'Inner Focus']",2,2,1,1,1,0.5,1,1,2,1,1,1,1,1,0.5,1,1,1,73,70,85,73,Hypno,115,67,70,483
"['Hyper Cutter', 'Shell Armor', 'Sheer Force']",1,1,1,2,1,1,0.5,1,1,2,1,0.5,1,1,1,1,0.5,0.5,105,90,30,25,Krabby,25,50,70,325
"['Hyper Cutter', 'Shell Armor', 'Sheer Force']",1,1,1,2,1,1,0.5,1,1,2,1,0.5,1,1,1,1,0.5,0.5,130,115,55,50,Kingler,50,75,70,475
"['Soundproof', 'Static', 'Aftermath']",1,1,1,0.5,1,1,1,0.5,1,1,2,1,1,1,1,1,0.5,1,30,50,40,55,Voltorb,55,100,70,330
"['Soundproof', 'Static', 'Aftermath']",1,1,1,0.5,1,1,1,0.5,1,1,2,1,1,1,1,1,0.5,1,50,70,60,80,Electrode,80,150,70,490
"['Chlorophyll', 'Harvest']",4,2,1,0.5,1,0.5,2,2,2,0.5,0.5,2,1,2,0.5,1,1,0.5,40,80,60,60,Exeggcute,45,40,70,325
"['Chlorophyll', 'Harvest', 'Frisk', 'Harvest']",4,2,1,0.5,1,0.5,2,2,2,0.5,0.5,2,1,2,0.5,1,1,0.5,105,85,95,125,Exeggutor,75,45,70,530
"['Rock Head', 'Lightningrod', 'Battle Armor']",1,1,1,0,1,1,1,1,1,2,1,2,1,0.5,1,0.5,1,2,50,95,50,40,Cubone,50,35,70,320
"['Rock Head', 'Lightningrod', 'Battle Armor', 'Cursed Body', 'Lightningrod', 'Rock Head']",1,1,1,0,1,1,1,1,1,2,1,2,1,0.5,1,0.5,1,2,80,110,60,50,Marowak,80,45,70,425
"['Limber', 'Reckless', 'Unburden']",0.5,0.5,1,1,2,1,1,2,1,1,1,1,1,1,2,0.5,1,1,120,53,50,35,Hitmonlee,110,87,70,455
"['Keen Eye', 'Iron Fist', 'Inner Focus']",0.5,0.5,1,1,2,1,1,2,1,1,1,1,1,1,2,0.5,1,1,105,79,50,35,Hitmonchan,110,76,70,455
"['Own Tempo', 'Oblivious', 'Cloud Nine']",1,1,1,1,1,2,1,1,0,1,1,1,1,1,1,1,1,1,55,75,90,60,Lickitung,75,30,70,385
['Levitate'],0.5,1,1,1,0.5,0.5,1,1,1,0.5,2,1,1,0.5,2,1,1,1,65,95,40,60,Koffing,45,35,70,340
['Levitate'],0.5,1,1,1,0.5,0.5,1,1,1,0.5,2,1,1,0.5,2,1,1,1,90,120,65,85,Weezing,70,60,70,490
"['Lightningrod', 'Rock Head', 'Reckless']",1,1,1,0,1,2,0.5,0.5,1,4,2,2,0.5,0.25,1,0.5,2,4,85,95,80,30,Rhyhorn,30,25,70,345
"['Lightningrod', 'Rock Head', 'Reckless']",1,1,1,0,1,2,0.5,0.5,1,4,2,2,0.5,0.25,1,0.5,2,4,130,120,105,45,Rhydon,45,40,70,485
"['Natural Cure', 'Serene Grace', 'Healer']",1,1,1,1,1,2,1,1,0,1,1,1,1,1,1,1,1,1,5,5,250,35,Chansey,105,50,140,450
"['Chlorophyll', 'Leaf Guard', 'Regenerator']",2,1,1,0.5,1,1,2,2,1,0.5,0.5,2,1,2,1,1,1,0.5,55,115,65,100,Tangela,40,60,70,435
"['Early Bird', 'Scrappy', 'Inner Focus']",1,1,1,1,1,2,1,1,0,1,1,1,1,1,1,1,1,1,125,100,105,60,Kangaskhan,100,100,70,590
"['Swift Swim', 'Sniper', 'Damp']",1,1,1,2,1,1,0.5,1,1,2,1,0.5,1,1,1,1,0.5,0.5,40,70,30,70,Horsea,25,60,70,295
"['Poison Point', 'Sniper', 'Damp']",1,1,1,2,1,1,0.5,1,1,2,1,0.5,1,1,1,1,0.5,0.5,65,95,55,95,Seadra,45,85,70,440
"['Swift Swim', 'Water Veil', 'Lightningrod']",1,1,1,2,1,1,0.5,1,1,2,1,0.5,1,1,1,1,0.5,0.5,67,60,45,35,Goldeen,50,63,70,320
"['Swift Swim', 'Water Veil', 'Lightningrod']",1,1,1,2,1,1,0.5,1,1,2,1,0.5,1,1,1,1,0.5,0.5,92,65,80,65,Seaking,80,68,70,450
"['Illuminate', 'Natural Cure', 'Analytic']",1,1,1,2,1,1,0.5,1,1,2,1,0.5,1,1,1,1,0.5,0.5,45,55,30,70,Staryu,55,85,70,340
"['Illuminate', 'Natural Cure', 'Analytic']",2,2,1,2,1,0.5,0.5,1,2,2,1,0.5,1,1,0.5,1,0.5,0.5,75,85,60,100,Starmie,85,115,70,520
"['Soundproof', 'Filter', 'Technician']",1,1,0,1,1,0.25,1,1,2,1,1,1,1,2,0.5,1,2,1,45,65,40,100,Mr. Mime,120,90,70,460
"['Swarm', 'Technician', 'Steadfast']",0.5,1,1,2,1,0.25,2,2,1,0.25,0,2,1,1,1,4,1,1,110,80,70,55,Scyther,80,105,70,500
"['Oblivious', 'Forewarn', 'Dry Skin']",2,2,1,1,1,1,2,1,2,1,1,0.5,1,1,0.5,2,2,1,50,35,65,115,Jynx,95,95,70,455
"['Static', 'Vital Spirit']",1,1,1,0.5,1,1,1,0.5,1,1,2,1,1,1,1,1,0.5,1,83,57,65,95,Electabuzz,85,105,70,490
"['Flame Body', 'Vital Spirit']",0.5,1,1,1,0.5,1,0.5,1,1,0.5,2,0.5,1,1,1,2,0.5,2,95,57,65,100,Magmar,85,93,70,495
"['Hyper Cutter', 'Mold Breaker', 'Moxie']",1,1,1,1,1,0.5,2,2,1,0.5,0.5,1,1,1,1,2,1,1,155,120,65,65,Pinsir,90,105,70,600
"['Intimidate', 'Anger Point', 'Sheer Force']",1,1,1,1,1,2,1,1,0,1,1,1,1,1,1,1,1,1,100,95,75,40,Tauros,70,110,70,490
"['Swift Swim', 'Rattled']",1,1,1,2,1,1,0.5,1,1,2,1,0.5,1,1,1,1,0.5,0.5,10,55,20,15,Magikarp,20,80,70,200
"['Intimidate', 'Moxie']",0.5,1,1,4,1,0.5,0.5,1,1,1,0,1,1,1,1,2,0.5,0.5,155,109,95,70,Gyarados,130,81,70,640
"['Water Absorb', 'Shell Armor', 'Hydration']",1,1,1,2,1,2,1,1,1,2,1,0.25,1,1,1,2,1,0.5,85,80,130,85,Lapras,95,60,70,535
"['Limber', 'Imposter']",1,1,1,1,1,2,1,1,0,1,1,1,1,1,1,1,1,1,48,48,48,48,Ditto,48,48,70,288
"['Run Away', 'Adaptability', 'Anticipation']",1,1,1,1,1,2,1,1,0,1,1,1,1,1,1,1,1,1,55,50,55,45,Eevee,65,55,70,325
"['Water Absorb', 'Hydration']",1,1,1,2,1,1,0.5,1,1,2,1,0.5,1,1,1,1,0.5,0.5,65,60,130,110,Vaporeon,95,65,70,525
"['Volt Absorb', 'Quick Feet']",1,1,1,0.5,1,1,1,0.5,1,1,2,1,1,1,1,1,0.5,1,65,60,65,110,Jolteon,95,130,70,525
"['Flash Fire', 'Guts']",0.5,1,1,1,0.5,1,0.5,1,1,0.5,2,0.5,1,1,1,2,0.5,2,130,60,65,95,Flareon,110,65,70,525
"['Trace', 'Download', 'Analytic']",1,1,1,1,1,2,1,1,0,1,1,1,1,1,1,1,1,1,60,70,65,85,Porygon,75,40,70,395
"['Swift Swim', 'Shell Armor', 'Weak Armor']",1,1,1,2,1,2,0.25,0.5,1,4,2,0.5,0.5,0.5,1,1,1,1,40,100,35,90,Omanyte,55,35,70,355
"['Swift Swim', 'Shell Armor', 'Weak Armor']",1,1,1,2,1,2,0.25,0.5,1,4,2,0.5,0.5,0.5,1,1,1,1,60,125,70,115,Omastar,70,55,70,495
"['Swift Swim', 'Battle Armor', 'Weak Armor']",1,1,1,2,1,2,0.25,0.5,1,4,2,0.5,0.5,0.5,1,1,1,1,80,90,30,55,Kabuto,45,55,70,355
"['Swift Swim', 'Battle Armor', 'Weak Armor']",1,1,1,2,1,2,0.25,0.5,1,4,2,0.5,0.5,0.5,1,1,1,1,115,105,60,65,Kabutops,70,80,70,495
"['Rock Head', 'Pressure', 'Unnerve']",0.5,1,1,2,1,1,0.5,0.5,1,1,0,2,0.5,0.5,1,2,2,2,135,85,80,70,Aerodactyl,95,150,70,615
"['Immunity', 'Thick Fat', 'Gluttony']",1,1,1,1,1,2,1,1,0,1,1,1,1,1,1,1,1,1,110,65,160,65,Snorlax,110,30,70,540
"['Pressure', 'Snow Cloak']",0.5,1,1,2,1,1,2,1,1,0.5,0,1,1,1,1,4,2,1,85,100,90,95,Articuno,125,85,35,580
"['Pressure', 'Static']",0.5,1,1,1,1,0.5,1,0.5,1,0.5,0,2,1,1,1,2,0.5,1,90,85,90,125,Zapdos,90,100,35,580
"['Pressure', 'Flame Body']",0.25,1,1,2,0.5,0.5,0.5,1,1,0.25,0,1,1,1,1,4,0.5,2,100,90,90,125,Moltres,85,90,35,580
"['Shed Skin', 'Marvel Scale']",1,1,2,0.5,2,1,0.5,1,1,0.5,1,2,1,1,1,1,1,0.5,64,45,41,50,Dratini,50,50,35,300
"['Shed Skin', 'Marvel Scale']",1,1,2,0.5,2,1,0.5,1,1,0.5,1,2,1,1,1,1,1,0.5,84,65,61,70,Dragonair,70,70,35,420
"['Inner Focus', 'Multiscale']",0.5,1,2,1,2,0.5,0.5,1,1,0.25,0,4,1,1,1,2,1,0.5,134,95,91,100,Dragonite,100,80,35,600
"['Pressure', 'Unnerve']",2,2,1,1,1,0.5,1,1,2,1,1,1,1,1,0.5,1,1,1,150,70,106,194,Mewtwo,120,140,0,780
['Synchronize'],2,2,1,1,1,0.5,1,1,2,1,1,1,1,1,0.5,1,1,1,100,100,100,100,Mew,100,100,100,600
"['Overgrow', 'Leaf Guard']",2,1,1,0.5,1,1,2,2,1,0.5,0.5,2,1,2,1,1,1,0.5,49,65,45,49,Chikorita,65,45,70,318
"['Overgrow', 'Leaf Guard']",2,1,1,0.5,1,1,2,2,1,0.5,0.5,2,1,2,1,1,1,0.5,62,80,60,63,Bayleef,80,60,70,405
"['Overgrow', 'Leaf Guard']",2,1,1,0.5,1,1,2,2,1,0.5,0.5,2,1,2,1,1,1,0.5,82,100,80,83,Meganium,100,80,70,525
"['Blaze', 'Flash Fire']",0.5,1,1,1,0.5,1,0.5,1,1,0.5,2,0.5,1,1,1,2,0.5,2,52,43,39,60,Cyndaquil,50,65,70,309
"['Blaze', 'Flash Fire']",0.5,1,1,1,0.5,1,0.5,1,1,0.5,2,0.5,1,1,1,2,0.5,2,64,58,58,80,Quilava,65,80,70,405
"['Blaze', 'Flash Fire']",0.5,1,1,1,0.5,1,0.5,1,1,0.5,2,0.5,1,1,1,2,0.5,2,84,78,78,109,Typhlosion,85,100,70,534
"['Torrent', 'Sheer Force']",1,1,1,2,1,1,0.5,1,1,2,1,0.5,1,1,1,1,0.5,0.5,65,64,50,44,Totodile,48,43,70,314
"['Torrent', 'Sheer Force']",1,1,1,2,1,1,0.5,1,1,2,1,0.5,1,1,1,1,0.5,0.5,80,80,65,59,Croconaw,63,58,70,405
"['Torrent', 'Sheer Force']",1,1,1,2,1,1,0.5,1,1,2,1,0.5,1,1,1,1,0.5,0.5,105,100,85,79,Feraligatr,83,78,70,530
"['Run Away', 'Keen Eye', 'Frisk']",1,1,1,1,1,2,1,1,0,1,1,1,1,1,1,1,1,1,46,34,35,35,Sentret,45,20,70,215
"['Run Away', 'Keen Eye', 'Frisk']",1,1,1,1,1,2,1,1,0,1,1,1,1,1,1,1,1,1,76,64,85,45,Furret,55,90,70,415
"['Insomnia', 'Keen Eye', 'Tinted Lens']",0.5,1,1,2,1,1,1,1,0,0.5,0,2,1,1,1,2,1,1,30,30,60,36,Hoothoot,56,50,70,262
"['Insomnia', 'Keen Eye', 'Tinted Lens']",0.5,1,1,2,1,1,1,1,0,0.5,0,2,1,1,1,2,1,1,50,50,100,86,Noctowl,96,70,70,452
"['Swarm', 'Early Bird', 'Rattled']",0.5,1,1,2,1,0.25,2,2,1,0.25,0,2,1,1,1,4,1,1,20,30,40,40,Ledyba,80,55,70,265
"['Swarm', 'Early Bird', 'Iron Fist']",0.5,1,1,2,1,0.25,2,2,1,0.25,0,2,1,1,1,4,1,1,35,50,55,55,Ledian,110,85,70,390
"['Swarm', 'Insomnia', 'Sniper']",0.5,1,1,1,0.5,0.25,2,2,1,0.25,1,1,1,0.5,2,2,1,1,60,40,40,40,Spinarak,40,30,70,250
"['Swarm', 'Insomnia', 'Sniper']",0.5,1,1,1,0.5,0.25,2,2,1,0.25,1,1,1,0.5,2,2,1,1,90,70,70,60,Ariados,70,40,70,400
"['Inner Focus', 'Infiltrator']",0.25,1,1,2,0.5,0.25,1,1,1,0.25,0,2,1,0.5,2,2,1,1,90,80,85,70,Crobat,80,130,70,535
"['Volt Absorb', 'Illuminate', 'Water Absorb']",1,1,1,1,1,1,0.5,0.5,1,2,2,0.5,1,1,1,1,0.25,0.5,38,38,75,56,Chinchou,56,67,70,330
"['Volt Absorb', 'Illuminate', 'Water Absorb']",1,1,1,1,1,1,0.5,0.5,1,2,2,0.5,1,1,1,1,0.25,0.5,58,58,125,76,Lanturn,76,67,70,460
"['Static', 'Lightningrod']",1,1,1,0.5,1,1,1,0.5,1,1,2,1,1,1,1,1,0.5,1,40,15,20,35,Pichu,35,60,70,205
"['Cute Charm', 'Magic Guard', 'Friend Guard']",0.5,0.5,0,1,1,0.5,1,1,1,1,1,1,1,2,1,1,2,1,25,28,50,45,Cleffa,55,15,140,218
"['Cute Charm', 'Competitive', 'Friend Guard']",0.5,0.5,0,1,1,1,1,1,0,1,1,1,1,2,1,1,2,1,30,15,90,40,Igglybuff,20,15,70,210
"['Hustle', 'Serene Grace', 'Super Luck']",0.5,0.5,0,1,1,0.5,1,1,1,1,1,1,1,2,1,1,2,1,20,65,35,40,Togepi,65,20,70,245
"['Hustle', 'Serene Grace', 'Super Luck']",0.25,0.5,0,2,1,0.25,1,1,1,0.5,0,2,1,2,1,2,2,1,40,85,55,80,Togetic,105,40,70,405
"['Synchronize', 'Early Bird', 'Magic Bounce']",1,2,1,2,1,0.25,1,1,2,0.5,0,2,1,1,0.5,2,1,1,50,45,40,70,Natu,45,70,70,320
"['Synchronize', 'Early Bird', 'Magic Bounce']",1,2,1,2,1,0.25,1,1,2,0.5,0,2,1,1,0.5,2,1,1,75,70,65,95,Xatu,70,95,70,470
"['Static', 'Plus']",1,1,1,0.5,1,1,1,0.5,1,1,2,1,1,1,1,1,0.5,1,40,40,55,65,Mareep,45,35,70,280
"['Static', 'Plus']",1,1,1,0.5,1,1,1,0.5,1,1,2,1,1,1,1,1,0.5,1,55,55,70,80,Flaaffy,60,45,70,365
"['Static', 'Plus']",1,1,1,0.5,1,1,1,0.5,1,1,2,1,1,1,1,1,0.5,1,95,105,90,165,Ampharos,110,45,70,610
"['Chlorophyll', 'Healer']",2,1,1,0.5,1,1,2,2,1,0.5,0.5,2,1,2,1,1,1,0.5,80,95,75,90,Bellossom,100,50,70,490
"['Thick Fat', 'Huge Power', 'Sap Sipper']",0.5,0.5,0,2,1,0.5,0.5,1,1,2,1,0.5,1,2,1,1,1,0.5,20,50,70,20,Marill,50,40,70,250
"['Thick Fat', 'Huge Power', 'Sap Sipper']",0.5,0.5,0,2,1,0.5,0.5,1,1,2,1,0.5,1,2,1,1,1,0.5,50,80,100,60,Azumarill,80,50,70,420
"['Sturdy', 'Rock Head', 'Rattled']",1,1,1,1,1,2,0.5,0.5,1,2,2,1,0.5,0.5,1,1,2,2,100,115,70,30,Sudowoodo,65,30,70,410
"['Water Absorb', 'Damp', 'Drizzle']",1,1,1,2,1,1,0.5,1,1,2,1,0.5,1,1,1,1,0.5,0.5,75,75,90,90,Politoed,100,70,70,500
"['Chlorophyll', 'Leaf Guard', 'Infiltrator']",1,1,1,1,1,0.5,2,2,1,0.25,0,4,1,2,1,2,1,0.5,35,40,35,35,Hoppip,55,50,70,250
"['Chlorophyll', 'Leaf Guard', 'Infiltrator']",1,1,1,1,1,0.5,2,2,1,0.25,0,4,1,2,1,2,1,0.5,45,50,55,45,Skiploom,65,80,70,340
"['Chlorophyll', 'Leaf Guard', 'Infiltrator']",1,1,1,1,1,0.5,2,2,1,0.25,0,4,1,2,1,2,1,0.5,55,70,75,55,Jumpluff,95,110,70,460
"['Run Away', 'Pickup', 'Skill Link']",1,1,1,1,1,2,1,1,0,1,1,1,1,1,1,1,1,1,70,55,55,40,Aipom,55,85,70,360
"['Chlorophyll', 'Solar Power', 'Early Bird']",2,1,1,0.5,1,1,2,2,1,0.5,0.5,2,1,2,1,1,1,0.5,30,30,30,30,Sunkern,30,30,70,180
"['Chlorophyll', 'Solar Power', 'Early Bird']",2,1,1,0.5,1,1,2,2,1,0.5,0.5,2,1,2,1,1,1,0.5,75,55,75,105,Sunflora,85,30,70,425
"['Speed Boost', 'Compoundeyes', 'Frisk']",0.5,1,1,2,1,0.25,2,2,1,0.25,0,2,1,1,1,4,1,1,65,45,65,75,Yanma,45,95,70,390
"['Damp', 'Water Absorb', 'Unaware']",1,1,1,0,1,1,0.5,1,1,4,1,1,1,0.5,1,0.5,0.5,1,45,45,55,25,Wooper,25,15,70,210
"['Damp', 'Water Absorb', 'Unaware']",1,1,1,0,1,1,0.5,1,1,4,1,1,1,0.5,1,0.5,0.5,1,85,85,95,65,Quagsire,65,35,70,430
"['Synchronize', 'Magic Bounce']",2,2,1,1,1,0.5,1,1,2,1,1,1,1,1,0.5,1,1,1,65,60,65,130,Espeon,95,110,70,525
"['Synchronize', 'Inner Focus']",2,0.5,1,1,2,2,1,1,0.5,1,1,1,1,1,0,1,1,1,65,110,95,60,Umbreon,130,65,35,525
"['Insomnia', 'Super Luck', 'Prankster']",1,0.5,1,2,2,1,1,1,0.5,0.5,0,2,1,1,0,2,1,1,85,42,60,85,Murkrow,42,91,35,405
"['Oblivious', 'Own Tempo', 'Regenerator']",2,2,1,2,1,0.5,0.5,1,2,2,1,0.5,1,1,0.5,1,0.5,0.5,75,80,95,100,Slowking,110,30,70,490
['Levitate'],0.5,2,1,1,1,0,1,1,2,1,1,1,0,0.5,1,1,1,1,60,60,60,85,Misdreavus,85,85,35,435
['Levitate'],2,2,1,1,1,0.5,1,1,2,1,1,1,1,1,0.5,1,1,1,72,48,48,72,Unown,48,48,70,336
"['Shadow Tag', 'Telepathy']",2,2,1,1,1,0.5,1,1,2,1,1,1,1,1,0.5,1,1,1,33,58,190,33,Wobbuffet,58,33,70,405
"['Inner Focus', 'Early Bird', 'Sap Sipper']",2,2,1,1,1,1,1,1,0,1,1,1,1,1,0.5,1,1,1,80,65,70,90,Girafarig,65,85,70,455
"['Sturdy', 'Overcoat']",1,1,1,1,1,0.5,2,2,1,0.5,0.5,1,1,1,1,2,1,1,65,90,50,35,Pineco,35,15,70,290
"['Sturdy', 'Overcoat']",0.5,1,0.5,1,0.5,1,4,1,1,0.25,1,0.5,0.5,0,0.5,1,0.5,1,90,140,75,60,Forretress,60,40,70,465
"['Serene Grace', 'Run Away', 'Rattled']",1,1,1,1,1,2,1,1,0,1,1,1,1,1,1,1,1,1,70,70,100,65,Dunsparce,65,45,70,415
"['Hyper Cutter', 'Sand Veil', 'Immunity']",0.5,1,1,0,1,0.5,1,1,1,1,0,4,1,0.5,1,1,1,2,75,105,65,35,Gligar,65,85,70,430
"['Rock Head', 'Sturdy', 'Sheer Force']",0.5,1,0.5,0,0.5,2,2,0.5,1,1,2,1,0.5,0,0.5,0.25,0.5,2,125,230,75,55,Steelix,95,30,70,610
"['Intimidate', 'Run Away', 'Rattled']",0.5,0.5,0,1,1,0.5,1,1,1,1,1,1,1,2,1,1,2,1,80,50,60,40,Snubbull,40,30,70,300
"['Intimidate', 'Quick Feet', 'Rattled']",0.5,0.5,0,1,1,0.5,1,1,1,1,1,1,1,2,1,1,2,1,120,75,90,60,Granbull,60,45,70,450
"['Poison Point', 'Swift Swim', 'Intimidate']",0.5,1,1,2,0.5,0.5,0.5,1,1,1,2,0.5,1,0.5,2,1,0.5,0.5,95,85,65,55,Qwilfish,55,85,70,440
"['Swarm', 'Technician', 'Light Metal']",0.5,1,0.5,1,0.5,1,4,1,1,0.25,1,0.5,0.5,0,0.5,1,0.5,1,150,140,70,65,Scizor,100,75,70,600
"['Sturdy', 'Gluttony', 'Contrary']",1,1,1,1,1,1,1,1,1,1,1,1,0.5,0.5,1,2,2,2,10,230,20,10,Shuckle,230,5,70,505
"['Swarm', 'Guts', 'Moxie']",0.5,0.5,1,1,2,0.5,2,4,1,0.5,0.5,1,1,1,2,1,1,1,185,115,80,40,Heracross,105,75,70,600
"['Inner Focus', 'Keen Eye', 'Pickpocket']",2,0.5,1,1,2,4,2,1,0.5,1,1,0.5,1,1,0,2,2,1,95,55,55,35,Sneasel,75,115,35,430
"['Pickup', 'Quick Feet', 'Honey Gather']",1,1,1,1,1,2,1,1,0,1,1,1,1,1,1,1,1,1,80,50,60,50,Teddiursa,50,40,70,330
"['Guts', 'Quick Feet', 'Unnerve']",1,1,1,1,1,2,1,1,0,1,1,1,1,1,1,1,1,1,130,75,90,75,Ursaring,75,55,70,500
"['Magma Armor', 'Flame Body', 'Weak Armor']",0.5,1,1,1,0.5,1,0.5,1,1,0.5,2,0.5,1,1,1,2,0.5,2,40,40,40,70,Slugma,40,20,70,250
"['Magma Armor', 'Flame Body', 'Weak Armor']",0.5,1,1,1,0.5,2,0.25,0.5,1,1,4,0.5,0.5,0.5,1,2,1,4,50,120,60,90,Magcargo,80,30,70,430
"['Oblivious', 'Snow Cloak', 'Thick Fat']",1,1,1,0,1,2,2,1,1,2,1,1,1,0.5,1,1,2,2,50,40,50,30,Swinub,30,50,70,250
"['Oblivious', 'Snow Cloak', 'Thick Fat']",1,1,1,0,1,2,2,1,1,2,1,1,1,0.5,1,1,2,2,100,80,100,60,Piloswine,60,50,70,450
"['Hustle', 'Natural Cure', 'Regenerator']",1,1,1,2,1,2,0.25,0.5,1,4,2,0.5,0.5,0.5,1,1,1,1,55,95,65,65,Corsola,95,35,70,410
"['Hustle', 'Sniper', 'Moody']",1,1,1,2,1,1,0.5,1,1,2,1,0.5,1,1,1,1,0.5,0.5,65,35,35,65,Remoraid,35,65,70,300
"['Suction Cups', 'Sniper', 'Moody']",1,1,1,2,1,1,0.5,1,1,2,1,0.5,1,1,1,1,0.5,0.5,105,75,75,105,Octillery,75,45,70,480
"['Vital Spirit', 'Hustle', 'Insomnia']",0.5,1,1,2,1,1,2,1,1,0.5,0,1,1,1,1,4,2,1,55,45,45,65,Delibird,45,75,70,330
"['Swift Swim', 'Water Absorb', 'Water Veil']",0.5,1,1,4,1,0.5,0.5,1,1,1,0,1,1,1,1,2,0.5,0.5,40,70,85,80,Mantine,140,70,70,485
"['Keen Eye', 'Sturdy', 'Weak Armor']",0.25,1,0.5,2,0.5,1,2,0.5,1,0.25,0,1,0.5,0,0.5,1,0.5,1,80,140,65,40,Skarmory,70,70,70,465
"['Early Bird', 'Flash Fire', 'Unnerve']",1,0.5,1,1,1,2,0.5,1,0.5,0.5,2,0.5,1,1,0,2,0.5,2,60,30,45,80,Houndour,50,65,35,330
"['Early Bird', 'Flash Fire', 'Unnerve']",1,0.5,1,1,1,2,0.5,1,0.5,0.5,2,0.5,1,1,0,2,0.5,2,90,90,75,140,Houndoom,90,115,35,600
"['Swift Swim', 'Sniper', 'Damp']",1,1,2,1,2,1,0.25,1,1,1,1,1,1,1,1,1,0.5,0.25,95,95,75,95,Kingdra,95,85,70,540
"['Pickup', 'Sand Veil']",1,1,1,0,1,1,1,1,1,2,1,2,1,0.5,1,0.5,1,2,60,60,90,40,Phanpy,40,40,70,330
"['Sturdy', 'Sand Veil']",1,1,1,0,1,1,1,1,1,2,1,2,1,0.5,1,0.5,1,2,120,120,90,60,Donphan,60,50,70,500
"['Trace', 'Download', 'Analytic']",1,1,1,1,1,2,1,1,0,1,1,1,1,1,1,1,1,1,80,90,85,105,Porygon2,95,60,70,515
"['Intimidate', 'Frisk', 'Sap Sipper']",1,1,1,1,1,2,1,1,0,1,1,1,1,1,1,1,1,1,95,62,73,85,Stantler,65,85,70,465
"['Own Tempo', 'Technician', 'Moody']",1,1,1,1,1,2,1,1,0,1,1,1,1,1,1,1,1,1,20,35,55,20,Smeargle,45,75,70,250
"['Guts', 'Steadfast', 'Vital Spirit']",0.5,0.5,1,1,2,1,1,2,1,1,1,1,1,1,2,0.5,1,1,35,35,35,35,Tyrogue,35,35,70,210
"['Intimidate', 'Technician', 'Steadfast']",0.5,0.5,1,1,2,1,1,2,1,1,1,1,1,1,2,0.5,1,1,95,95,50,35,Hitmontop,110,70,70,455
"['Oblivious', 'Forewarn', 'Hydration']",2,2,1,1,1,1,2,1,2,1,1,0.5,1,1,0.5,2,2,1,30,15,45,85,Smoochum,65,65,70,305
"['Static', 'Vital Spirit']",1,1,1,0.5,1,1,1,0.5,1,1,2,1,1,1,1,1,0.5,1,63,37,45,65,Elekid,55,95,70,360
"['Flame Body', 'Vital Spirit']",0.5,1,1,1,0.5,1,0.5,1,1,0.5,2,0.5,1,1,1,2,0.5,2,75,37,45,70,Magby,55,83,70,365
"['Thick Fat', 'Scrappy', 'Sap Sipper']",1,1,1,1,1,2,1,1,0,1,1,1,1,1,1,1,1,1,80,105,95,40,Miltank,70,100,70,490
"['Natural Cure', 'Serene Grace', 'Healer']",1,1,1,1,1,2,1,1,0,1,1,1,1,1,1,1,1,1,10,10,255,75,Blissey,135,55,140,540
"['Pressure', 'Inner Focus']",1,1,1,0.5,1,1,1,0.5,1,1,2,1,1,1,1,1,0.5,1,85,75,90,115,Raikou,100,115,35,580
"['Pressure', 'Inner Focus']",0.5,1,1,1,0.5,1,0.5,1,1,0.5,2,0.5,1,1,1,2,0.5,2,115,85,115,90,Entei,75,100,35,580
"['Pressure', 'Inner Focus']",1,1,1,2,1,1,0.5,1,1,2,1,0.5,1,1,1,1,0.5,0.5,75,115,100,90,Suicune,115,85,35,580
"['Guts', 'Sand Veil']",1,1,1,0,1,2,0.5,0.5,1,4,2,2,0.5,0.25,1,0.5,2,4,64,50,50,45,Larvitar,50,41,35,300
['Shed Skin'],1,1,1,0,1,2,0.5,0.5,1,4,2,2,0.5,0.25,1,0.5,2,4,84,70,70,65,Pupitar,70,51,35,410
"['Sand Stream', 'Unnerve']",2,0.5,1,1,2,4,0.5,0.5,0.5,2,2,1,0.5,0.5,0,1,2,2,164,150,100,95,Tyranitar,120,71,35,700
"['Pressure', 'Multiscale']",1,2,1,2,1,0.25,1,1,2,0.5,0,2,1,1,0.5,2,1,1,90,130,106,90,Lugia,154,110,0,680
"['Pressure', 'Regenerator']",0.25,1,1,2,0.5,0.5,0.5,1,1,0.25,0,1,1,1,1,4,0.5,2,130,90,106,110,Ho-Oh,154,90,0,680
['Natural Cure'],4,2,1,0.5,1,0.5,2,2,2,0.5,0.5,2,1,2,0.5,1,1,0.5,100,100,100,100,Celebi,100,100,100,600
"['Overgrow', 'Unburden']",2,1,1,0.5,1,1,2,2,1,0.5,0.5,2,1,2,1,1,1,0.5,45,35,40,65,Treecko,55,70,70,310
"['Overgrow', 'Unburden']",2,1,1,0.5,1,1,2,2,1,0.5,0.5,2,1,2,1,1,1,0.5,65,45,50,85,Grovyle,65,95,70,405
"['Overgrow', 'Unburden']",2,1,1,0.5,1,1,2,2,1,0.5,0.5,2,1,2,1,1,1,0.5,110,75,70,145,Sceptile,85,145,70,630
"['Blaze', 'Speed Boost']",0.5,1,1,1,0.5,1,0.5,1,1,0.5,2,0.5,1,1,1,2,0.5,2,60,40,45,70,Torchic,50,45,70,310
"['Blaze', 'Speed Boost']",0.25,0.5,1,1,1,1,0.5,2,1,0.5,2,0.5,1,1,2,1,0.5,2,85,60,60,85,Combusken,60,55,70,405
"['Blaze', 'Speed Boost']",0.25,0.5,1,1,1,1,0.5,2,1,0.5,2,0.5,1,1,2,1,0.5,2,160,80,80,130,Blaziken,80,100,70,630
"['Torrent', 'Damp']",1,1,1,2,1,1,0.5,1,1,2,1,0.5,1,1,1,1,0.5,0.5,70,50,50,50,Mudkip,50,40,70,310
"['Torrent', 'Damp']",1,1,1,0,1,1,0.5,1,1,4,1,1,1,0.5,1,0.5,0.5,1,85,70,70,60,Marshtomp,70,50,70,405
"['Torrent', 'Damp']",1,1,1,0,1,1,0.5,1,1,4,1,1,1,0.5,1,0.5,0.5,1,150,110,100,95,Swampert,110,70,70,635
"['Run Away', 'Quick Feet', 'Rattled']",2,0.5,1,1,2,2,1,1,0.5,1,1,1,1,1,0,1,1,1,55,35,35,30,Poochyena,30,35,70,220
"['Intimidate', 'Quick Feet', 'Moxie']",2,0.5,1,1,2,2,1,1,0.5,1,1,1,1,1,0,1,1,1,90,70,70,60,Mightyena,60,70,70,420
"['Pickup', 'Gluttony', 'Quick Feet']",1,1,1,1,1,2,1,1,0,1,1,1,1,1,1,1,1,1,30,41,38,30,Zigzagoon,41,60,70,240
"['Pickup', 'Gluttony', 'Quick Feet']",1,1,1,1,1,2,1,1,0,1,1,1,1,1,1,1,1,1,70,61,78,50,Linoone,61,100,70,420
"['Shield Dust', 'Run Away']",1,1,1,1,1,0.5,2,2,1,0.5,0.5,1,1,1,1,2,1,1,45,35,45,20,Wurmple,30,20,70,195
['Shed Skin'],1,1,1,1,1,0.5,2,2,1,0.5,0.5,1,1,1,1,2,1,1,35,55,50,25,Silcoon,25,15,70,205
"['Swarm', 'Rivalry']",0.5,1,1,2,1,0.25,2,2,1,0.25,0,2,1,1,1,4,1,1,70,50,60,100,Beautifly,50,65,70,395
['Shed Skin'],1,1,1,1,1,0.5,2,2,1,0.5,0.5,1,1,1,1,2,1,1,35,55,50,25,Cascoon,25,15,70,205
"['Shield Dust', 'Compoundeyes']",0.5,1,1,1,0.5,0.25,2,2,1,0.25,1,1,1,0.5,2,2,1,1,50,70,60,50,Dustox,90,65,70,385
"['Swift Swim', 'Rain Dish', 'Own Tempo']",2,1,1,1,1,1,1,2,1,1,0.5,1,1,2,1,1,0.5,0.25,30,30,40,40,Lotad,50,30,70,220
"['Swift Swim', 'Rain Dish', 'Own Tempo']",2,1,1,1,1,1,1,2,1,1,0.5,1,1,2,1,1,0.5,0.25,50,50,60,60,Lombre,70,50,70,340
"['Swift Swim', 'Rain Dish', 'Own Tempo']",2,1,1,1,1,1,1,2,1,1,0.5,1,1,2,1,1,0.5,0.25,70,70,80,90,Ludicolo,100,70,70,480
"['Chlorophyll', 'Early Bird', 'Pickpocket']",2,1,1,0.5,1,1,2,2,1,0.5,0.5,2,1,2,1,1,1,0.5,40,50,40,30,Seedot,30,30,70,220
"['Chlorophyll', 'Early Bird', 'Pickpocket']",4,0.5,1,0.5,2,2,2,2,0.5,0.5,0.5,2,1,2,0,1,1,0.5,70,40,70,60,Nuzleaf,40,60,70,340
"['Chlorophyll', 'Early Bird', 'Pickpocket']",4,0.5,1,0.5,2,2,2,2,0.5,0.5,0.5,2,1,2,0,1,1,0.5,100,60,90,90,Shiftry,60,80,70,480
"['Guts', 'Scrappy']",0.5,1,1,2,1,1,1,1,0,0.5,0,2,1,1,1,2,1,1,55,30,40,30,Taillow,30,85,70,270
"['Guts', 'Scrappy']",0.5,1,1,2,1,1,1,1,0,0.5,0,2,1,1,1,2,1,1,85,60,60,75,Swellow,50,125,70,455
"['Keen Eye', 'Hydration', 'Rain Dish']",0.5,1,1,4,1,0.5,0.5,1,1,1,0,1,1,1,1,2,0.5,0.5,30,30,40,55,Wingull,30,85,70,270
"['Keen Eye', 'Drizzle', 'Rain Dish']",0.5,1,1,4,1,0.5,0.5,1,1,1,0,1,1,1,1,2,0.5,0.5,50,100,60,95,Pelipper,70,65,70,440
"['Synchronize', 'Trace', 'Telepathy']",1,1,0,1,1,0.25,1,1,2,1,1,1,1,2,0.5,1,2,1,25,25,28,45,Ralts,35,40,35,198
"['Synchronize', 'Trace', 'Telepathy']",1,1,0,1,1,0.25,1,1,2,1,1,1,1,2,0.5,1,2,1,35,35,38,65,Kirlia,55,50,35,278
"['Synchronize', 'Trace', 'Telepathy']",1,1,0,1,1,0.25,1,1,2,1,1,1,1,2,0.5,1,2,1,85,65,68,165,Gardevoir,135,100,35,618
"['Swift Swim', 'Rain Dish']",1,1,1,2,1,0.5,1,2,1,1,0.5,0.5,1,1,1,2,0.5,0.5,30,32,40,50,Surskit,52,65,70,269
"['Intimidate', 'Unnerve']",0.5,1,1,2,1,0.25,2,2,1,0.25,0,2,1,1,1,4,1,1,60,62,70,100,Masquerain,82,80,70,454
"['Effect Spore', 'Poison Heal', 'Quick Feet']",2,1,1,0.5,1,1,2,2,1,0.5,0.5,2,1,2,1,1,1,0.5,40,60,60,40,Shroomish,60,35,70,295
"['Effect Spore', 'Poison Heal', 'Technician']",1,0.5,1,0.5,2,1,2,4,1,0.5,0.5,2,1,2,2,0.5,1,0.5,130,80,60,60,Breloom,60,70,70,460
['Truant'],1,1,1,1,1,2,1,1,0,1,1,1,1,1,1,1,1,1,60,60,60,35,Slakoth,35,30,70,280
['Vital Spirit'],1,1,1,1,1,2,1,1,0,1,1,1,1,1,1,1,1,1,80,80,80,55,Vigoroth,55,90,70,440
['Truant'],1,1,1,1,1,2,1,1,0,1,1,1,1,1,1,1,1,1,160,100,150,95,Slaking,65,100,70,670
"['Compoundeyes', 'Run Away']",1,1,1,0,1,0.5,2,2,1,1,0.5,2,1,0.5,1,1,1,2,45,90,31,30,Nincada,30,40,70,266
"['Speed Boost', 'Infiltrator']",0.5,1,1,2,1,0.25,2,2,1,0.25,0,2,1,1,1,4,1,1,90,45,61,50,Ninjask,50,160,70,456
['Wonder Guard'],0.5,2,1,1,1,0,2,2,2,0.5,0.5,1,0,0.5,1,2,1,1,90,45,1,30,Shedinja,30,40,70,236
"['Soundproof', 'Rattled']",1,1,1,1,1,2,1,1,0,1,1,1,1,1,1,1,1,1,51,23,64,51,Whismur,23,28,70,240
"['Soundproof', 'Scrappy']",1,1,1,1,1,2,1,1,0,1,1,1,1,1,1,1,1,1,71,43,84,71,Loudred,43,48,70,360
"['Soundproof', 'Scrappy']",1,1,1,1,1,2,1,1,0,1,1,1,1,1,1,1,1,1,91,63,104,91,Exploud,73,68,70,490
"['Thick Fat', 'Guts', 'Sheer Force']",0.5,0.5,1,1,2,1,1,2,1,1,1,1,1,1,2,0.5,1,1,60,30,72,20,Makuhita,30,25,70,237
"['Thick Fat', 'Guts', 'Sheer Force']",0.5,0.5,1,1,2,1,1,2,1,1,1,1,1,1,2,0.5,1,1,120,60,144,40,Hariyama,60,50,70,474
"['Thick Fat', 'Huge Power', 'Sap Sipper']",0.5,0.5,0,1,1,1,1,1,0,1,1,1,1,2,1,1,2,1,20,40,50,20,Azurill,40,20,70,190
"['Sturdy', 'Magnet Pull', 'Sand Force']",1,1,1,1,1,2,0.5,0.5,1,2,2,1,0.5,0.5,1,1,2,2,45,135,30,45,Nosepass,90,30,70,375
"['Cute Charm', 'Normalize', 'Wonder Skin ']",1,1,1,1,1,2,1,1,0,1,1,1,1,1,1,1,1,1,45,45,50,35,Skitty,35,50,70,260
"['Cute Charm', 'Normalize', 'Wonder Skin ']",1,1,1,1,1,2,1,1,0,1,1,1,1,1,1,1,1,1,65,65,70,55,Delcatty,55,90,70,400
"['Keen Eye', 'Stall', 'Prankster']",1,1,1,1,2,0,1,1,1,1,1,1,0,0.5,0,1,1,1,85,125,50,85,Sableye,115,20,35,480
"['Hyper Cutter', 'Intimidate', 'Sheer Force']",0.25,0.5,0,1,0.5,1,2,0.5,1,0.5,2,0.5,0.5,0,0.5,0.5,1,1,105,125,50,55,Mawile,95,50,70,480
"['Sturdy', 'Rock Head', 'Heavy Metal']",0.5,1,0.5,1,0.5,4,1,0.25,1,1,4,0.5,0.25,0,0.5,0.5,1,2,70,100,50,40,Aron,40,30,35,330
"['Sturdy', 'Rock Head', 'Heavy Metal']",0.5,1,0.5,1,0.5,4,1,0.25,1,1,4,0.5,0.25,0,0.5,0.5,1,2,90,140,60,50,Lairon,50,40,35,430
"['Sturdy', 'Rock Head', 'Heavy Metal']",0.5,1,0.5,1,0.5,4,1,0.25,1,1,4,0.5,0.25,0,0.5,0.5,1,2,140,230,70,60,Aggron,80,50,35,630
"['Pure Power', 'Telepathy']",1,1,1,1,2,0.5,1,2,2,1,1,1,1,1,1,0.5,1,1,40,55,30,40,Meditite,55,60,70,280
"['Pure Power', 'Telepathy']",1,1,1,1,2,0.5,1,2,2,1,1,1,1,1,1,0.5,1,1,100,85,60,80,Medicham,85,100,70,510
"['Static', 'Lightningrod', 'Minus']",1,1,1,0.5,1,1,1,0.5,1,1,2,1,1,1,1,1,0.5,1,45,40,40,65,Electrike,40,65,70,295
"['Static', 'Lightningrod', 'Minus']",1,1,1,0.5,1,1,1,0.5,1,1,2,1,1,1,1,1,0.5,1,75,80,70,135,Manectric,80,135,70,575
"['Plus', 'Lightningrod']",1,1,1,0.5,1,1,1,0.5,1,1,2,1,1,1,1,1,0.5,1,50,40,60,85,Plusle,75,95,70,405
"['Minus', 'Volt Absorb']",1,1,1,0.5,1,1,1,0.5,1,1,2,1,1,1,1,1,0.5,1,40,50,60,75,Minun,85,95,70,405
"['Illuminate', 'Swarm', 'Prankster']",1,1,1,1,1,0.5,2,2,1,0.5,0.5,1,1,1,1,2,1,1,73,75,65,47,Volbeat,85,85,70,430
"['Oblivious', 'Tinted Lens', 'Prankster']",1,1,1,1,1,0.5,2,2,1,0.5,0.5,1,1,1,1,2,1,1,47,75,65,73,Illumise,85,85,70,430
"['Natural Cure', 'Poison Point', 'Leaf Guard']",1,1,1,0.5,0.5,0.5,2,2,1,0.25,1,2,1,1,2,1,1,0.5,60,45,50,100,Roselia,80,65,70,400
"['Liquid Ooze', 'Sticky Hold', 'Gluttony']",0.5,1,1,1,0.5,0.5,1,1,1,0.5,2,1,1,0.5,2,1,1,1,43,53,70,43,Gulpin,53,40,70,302
"['Liquid Ooze', 'Sticky Hold', 'Gluttony']",0.5,1,1,1,0.5,0.5,1,1,1,0.5,2,1,1,0.5,2,1,1,1,73,83,100,73,Swalot,83,55,70,467
"['Rough Skin', 'Speed Boost']",2,0.5,1,2,2,2,0.5,1,0.5,2,1,0.5,1,1,0,1,0.5,0.5,90,20,45,65,Carvanha,20,65,35,305
"['Rough Skin', 'Speed Boost']",2,0.5,1,2,2,2,0.5,1,0.5,2,1,0.5,1,1,0,1,0.5,0.5,140,70,70,110,Sharpedo,65,105,35,560
"['Water Veil', 'Oblivious', 'Pressure']",1,1,1,2,1,1,0.5,1,1,2,1,0.5,1,1,1,1,0.5,0.5,70,35,130,70,Wailmer,35,60,70,400
"['Water Veil', 'Oblivious', 'Pressure']",1,1,1,2,1,1,0.5,1,1,2,1,0.5,1,1,1,1,0.5,0.5,90,45,170,90,Wailord,45,60,70,500
"['Oblivious', 'Simple', 'Own Tempo']",0.5,1,1,0,0.5,1,0.5,1,1,1,2,1,1,0.5,1,1,0.5,4,60,40,60,65,Numel,45,35,70,305
"['Magma Armor', 'Solid Rock', 'Anger Point']",0.5,1,1,0,0.5,1,0.5,1,1,1,2,1,1,0.5,1,1,0.5,4,120,100,70,145,Camerupt,105,20,70,560
"['White Smoke', 'Drought', 'Shell Armor']",0.5,1,1,1,0.5,1,0.5,1,1,0.5,2,0.5,1,1,1,2,0.5,2,85,140,70,85,Torkoal,70,20,70,470
"['Thick Fat', 'Own Tempo', 'Gluttony']",2,2,1,1,1,0.5,1,1,2,1,1,1,1,1,0.5,1,1,1,25,35,60,70,Spoink,80,60,70,330
"['Thick Fat', 'Own Tempo', 'Gluttony']",2,2,1,1,1,0.5,1,1,2,1,1,1,1,1,0.5,1,1,1,45,65,80,90,Grumpig,110,80,70,470
"['Own Tempo', 'Tangled Feet', 'Contrary']",1,1,1,1,1,2,1,1,0,1,1,1,1,1,1,1,1,1,60,60,60,60,Spinda,60,60,70,360
"['Hyper Cutter', 'Arena Trap', 'Sheer Force']",1,1,1,0,1,1,1,1,1,2,1,2,1,0.5,1,0.5,1,2,100,45,45,45,Trapinch,45,10,70,290
['Levitate'],1,1,2,0,2,1,0.5,1,1,1,1,4,1,0.5,1,0.5,1,1,70,50,50,50,Vibrava,50,70,70,340
['Levitate'],1,1,2,0,2,1,0.5,1,1,1,1,4,1,0.5,1,0.5,1,1,100,80,80,80,Flygon,80,100,70,520
"['Sand Veil', 'Water Absorb']",2,1,1,0.5,1,1,2,2,1,0.5,0.5,2,1,2,1,1,1,0.5,85,40,50,85,Cacnea,40,35,35,335
"['Sand Veil', 'Water Absorb']",4,0.5,1,0.5,2,2,2,2,0.5,0.5,0.5,2,1,2,0,1,1,0.5,115,60,70,115,Cacturne,60,55,35,475
"['Natural Cure', 'Cloud Nine']",0.5,1,1,2,1,1,1,1,0,0.5,0,2,1,1,1,2,1,1,40,60,45,40,Swablu,75,50,70,310
"['Natural Cure', 'Cloud Nine']",0.5,1,2,1,2,0.5,0.5,1,1,0.25,0,4,1,1,1,2,1,0.5,110,110,75,110,Altaria,105,80,70,590
"['Immunity', 'Toxic Boost']",1,1,1,1,1,2,1,1,0,1,1,1,1,1,1,1,1,1,115,60,73,60,Zangoose,60,90,70,458
"['Shed Skin', 'Infiltrator']",0.5,1,1,1,0.5,0.5,1,1,1,0.5,2,1,1,0.5,2,1,1,1,100,60,73,100,Seviper,60,65,70,458
['Levitate'],2,2,1,1,1,1,0.5,0.5,2,2,2,1,0.5,0.5,0.5,1,2,2,55,65,90,95,Lunatone,85,70,70,460
['Levitate'],2,2,1,1,1,1,0.5,0.5,2,2,2,1,0.5,0.5,0.5,1,2,2,95,85,90,55,Solrock,65,70,70,460
"['Oblivious', 'Anticipation', 'Hydration']",1,1,1,0,1,1,0.5,1,1,4,1,1,1,0.5,1,0.5,0.5,1,48,43,50,46,Barboach,41,60,70,288
"['Oblivious', 'Anticipation', 'Hydration']",1,1,1,0,1,1,0.5,1,1,4,1,1,1,0.5,1,0.5,0.5,1,78,73,110,76,Whiscash,71,60,70,468
"['Hyper Cutter', 'Shell Armor', 'Adaptability']",1,1,1,2,1,1,0.5,1,1,2,1,0.5,1,1,1,1,0.5,0.5,80,65,43,50,Corphish,35,35,70,308
"['Hyper Cutter', 'Shell Armor', 'Adaptability']",2,0.5,1,2,2,2,0.5,1,0.5,2,1,0.5,1,1,0,1,0.5,0.5,120,85,63,90,Crawdaunt,55,55,70,468
['Levitate'],2,2,1,0,1,0.5,1,1,2,2,1,2,1,0.5,0.5,0.5,1,2,40,55,40,40,Baltoy,70,55,70,300
['Levitate'],2,2,1,0,1,0.5,1,1,2,2,1,2,1,0.5,0.5,0.5,1,2,70,105,60,70,Claydol,120,75,70,500
"['Suction Cups', 'Storm Drain']",2,1,1,0.5,1,2,1,1,1,1,1,2,0.5,1,1,1,2,1,41,77,66,61,Lileep,87,23,70,355
"['Suction Cups', 'Storm Drain']",2,1,1,0.5,1,2,1,1,1,1,1,2,0.5,1,1,1,2,1,81,97,86,81,Cradily,107,43,70,495
"['Battle Armor', 'Swift Swim']",1,1,1,1,1,1,1,1,1,1,1,1,0.5,0.5,1,2,2,2,95,50,45,40,Anorith,50,75,70,355
"['Battle Armor', 'Swift Swim']",1,1,1,1,1,1,1,1,1,1,1,1,0.5,0.5,1,2,2,2,125,100,75,70,Armaldo,80,45,70,495
"['Swift Swim', 'Oblivious', 'Adaptability']",1,1,1,2,1,1,0.5,1,1,2,1,0.5,1,1,1,1,0.5,0.5,15,20,20,10,Feebas,55,80,70,200
"['Marvel Scale', 'Competitive', 'Cute Charm']",1,1,1,2,1,1,0.5,1,1,2,1,0.5,1,1,1,1,0.5,0.5,60,79,95,100,Milotic,125,81,70,540
['Forecast'],1,1,1,1,1,2,1,1,0,1,1,1,1,1,1,1,1,1,70,70,70,70,Castform,70,70,70,420
"['Color Change', 'Protean']",1,1,1,1,1,2,1,1,0,1,1,1,1,1,1,1,1,1,90,70,60,60,Kecleon,120,40,70,440
"['Insomnia', 'Frisk', 'Cursed Body']",0.5,2,1,1,1,0,1,1,2,1,1,1,0,0.5,1,1,1,1,75,35,44,63,Shuppet,33,45,35,295
"['Insomnia', 'Frisk', 'Cursed Body']",0.5,2,1,1,1,0,1,1,2,1,1,1,0,0.5,1,1,1,1,165,75,64,93,Banette,83,75,35,555
"['Levitate', 'Frisk']",0.5,2,1,1,1,0,1,1,2,1,1,1,0,0.5,1,1,1,1,40,90,20,30,Duskull,90,25,35,295
"['Pressure', 'Frisk']",0.5,2,1,1,1,0,1,1,2,1,1,1,0,0.5,1,1,1,1,70,130,40,60,Dusclops,130,25,35,455
"['Chlorophyll', 'Solar Power', 'Harvest']",1,1,1,1,1,0.5,2,2,1,0.25,0,4,1,2,1,2,1,0.5,68,83,99,72,Tropius,87,51,70,460
['Levitate'],2,2,1,1,1,0.5,1,1,2,1,1,1,1,1,0.5,1,1,1,50,80,75,95,Chimecho,90,65,70,455
"['Pressure', 'Super Luck', 'Justified']",2,0.5,1,1,2,2,1,1,0.5,1,1,1,1,1,0,1,1,1,150,60,65,115,Absol,60,115,35,565
"['Shadow Tag', 'Telepathy']",2,2,1,1,1,0.5,1,1,2,1,1,1,1,1,0.5,1,1,1,23,48,95,23,Wynaut,48,23,70,260
"['Inner Focus', 'Ice Body', 'Moody']",1,1,1,1,1,2,2,1,1,1,1,0.5,1,1,1,2,2,1,50,50,50,50,Snorunt,50,50,70,300
"['Inner Focus', 'Ice Body', 'Moody']",1,1,1,1,1,2,2,1,1,1,1,0.5,1,1,1,2,2,1,120,80,80,120,Glalie,80,100,70,580
"['Thick Fat', 'Ice Body', 'Oblivious']",1,1,1,2,1,2,1,1,1,2,1,0.25,1,1,1,2,1,0.5,40,50,70,55,Spheal,50,25,70,290
"['Thick Fat', 'Ice Body', 'Oblivious']",1,1,1,2,1,2,1,1,1,2,1,0.25,1,1,1,2,1,0.5,60,70,90,75,Sealeo,70,45,70,410
"['Thick Fat', 'Ice Body', 'Oblivious']",1,1,1,2,1,2,1,1,1,2,1,0.25,1,1,1,2,1,0.5,80,90,110,95,Walrein,90,65,70,530
"['Shell Armor', 'Rattled']",1,1,1,2,1,1,0.5,1,1,2,1,0.5,1,1,1,1,0.5,0.5,64,85,35,74,Clamperl,55,32,70,345
"['Swift Swim', 'Water Veil']",1,1,1,2,1,1,0.5,1,1,2,1,0.5,1,1,1,1,0.5,0.5,104,105,55,94,Huntail,75,52,70,485
"['Swift Swim', 'Hydration']",1,1,1,2,1,1,0.5,1,1,2,1,0.5,1,1,1,1,0.5,0.5,84,105,55,114,Gorebyss,75,52,70,485
"['Swift Swim', 'Rock Head', 'Sturdy']",1,1,1,2,1,2,0.25,0.5,1,4,2,0.5,0.5,0.5,1,1,1,1,90,130,100,45,Relicanth,65,55,70,485
"['Swift Swim', 'Hydration']",1,1,1,2,1,1,0.5,1,1,2,1,0.5,1,1,1,1,0.5,0.5,30,55,43,40,Luvdisc,65,97,70,330
"['Rock Head', 'Sheer Force']",1,1,2,0.5,2,1,0.5,1,1,0.5,1,2,1,1,1,1,1,0.5,75,60,45,40,Bagon,30,50,35,300
"['Rock Head', 'Overcoat']",1,1,2,0.5,2,1,0.5,1,1,0.5,1,2,1,1,1,1,1,0.5,95,100,65,60,Shelgon,50,50,35,420
"['Intimidate', 'Moxie']",0.5,1,2,1,2,0.5,0.5,1,1,0.25,0,4,1,1,1,2,1,0.5,145,130,95,120,Salamence,90,120,35,700
"['Clear Body', 'Light Metal']",1,2,0.5,1,0.5,1,2,0.5,2,0.5,2,0.5,0.5,0,0.25,0.5,0.5,1,55,80,40,35,Beldum,60,30,35,300
"['Clear Body', 'Light Metal']",1,2,0.5,1,0.5,1,2,0.5,2,0.5,2,0.5,0.5,0,0.25,0.5,0.5,1,75,100,60,55,Metang,80,50,35,420
"['Clear Body', 'Light Metal']",1,2,0.5,1,0.5,1,2,0.5,2,0.5,2,0.5,0.5,0,0.25,0.5,0.5,1,145,150,80,105,Metagross,110,110,35,700
"['Clear Body', 'Sturdy']",1,1,1,1,1,2,0.5,0.5,1,2,2,1,0.5,0.5,1,1,2,2,100,200,80,50,Regirock,100,50,35,580
"['Clear Body', 'Ice Body']",1,1,1,1,1,2,2,1,1,1,1,0.5,1,1,1,2,2,1,50,100,80,100,Regice,200,50,35,580
"['Clear Body', 'Light Metal']",0.5,1,0.5,1,0.5,2,2,0.5,1,0.5,2,0.5,0.5,0,0.5,0.5,0.5,1,75,150,80,75,Registeel,150,50,35,580
['Levitate'],2,2,2,0.5,2,0.5,0.5,1,2,0.5,1,2,1,1,0.5,1,1,0.5,100,120,80,140,Latias,150,110,90,700
['Levitate'],2,2,2,0.5,2,0.5,0.5,1,2,0.5,1,2,1,1,0.5,1,1,0.5,130,100,80,160,Latios,120,110,90,700
['Drizzle'],1,1,1,2,1,1,0.5,1,1,2,1,0.5,1,1,1,1,0.5,0.5,150,90,100,180,Kyogre,160,90,0,770
['Drought'],1,1,1,0,1,1,1,1,1,2,1,2,1,0.5,1,0.5,1,2,180,160,100,150,Groudon,90,90,0,770
['Air Lock'],0.5,1,2,1,2,0.5,0.5,1,1,0.25,0,4,1,1,1,2,1,0.5,180,100,105,180,Rayquaza,100,115,0,780
['Serene Grace'],1,2,0.5,1,0.5,1,2,0.5,2,0.5,2,0.5,0.5,0,0.25,0.5,0.5,1,100,100,100,100,Jirachi,100,100,100,600
['Pressure'],2,2,1,1,1,0.5,1,1,2,1,1,1,1,1,0.5,1,1,1,95,90,50,95,Deoxys,90,180,0,600
"['Overgrow', 'Shell Armor']",2,1,1,0.5,1,1,2,2,1,0.5,0.5,2,1,2,1,1,1,0.5,68,64,55,45,Turtwig,55,31,70,318
"['Overgrow', 'Shell Armor']",2,1,1,0.5,1,1,2,2,1,0.5,0.5,2,1,2,1,1,1,0.5,89,85,75,55,Grotle,65,36,70,405
"['Overgrow', 'Shell Armor']",2,1,1,0,1,1,2,2,1,1,0.5,4,1,1,1,0.5,1,1,109,105,95,75,Torterra,85,56,70,525
"['Blaze', 'Iron Fist']",0.5,1,1,1,0.5,1,0.5,1,1,0.5,2,0.5,1,1,1,2,0.5,2,58,44,44,58,Chimchar,44,61,70,309
"['Blaze', 'Iron Fist']",0.25,0.5,1,1,1,1,0.5,2,1,0.5,2,0.5,1,1,2,1,0.5,2,78,52,64,78,Monferno,52,81,70,405
"['Blaze', 'Iron Fist']",0.25,0.5,1,1,1,1,0.5,2,1,0.5,2,0.5,1,1,2,1,0.5,2,104,71,76,104,Infernape,71,108,70,534
"['Torrent', 'Defiant']",1,1,1,2,1,1,0.5,1,1,2,1,0.5,1,1,1,1,0.5,0.5,51,53,53,61,Piplup,56,40,70,314
"['Torrent', 'Defiant']",1,1,1,2,1,1,0.5,1,1,2,1,0.5,1,1,1,1,0.5,0.5,66,68,64,81,Prinplup,76,50,70,405
"['Torrent', 'Defiant']",0.5,1,0.5,2,0.5,2,1,0.5,1,1,2,0.25,0.5,0,0.5,0.5,0.25,0.5,86,88,84,111,Empoleon,101,60,70,530
"['Keen Eye', 'Reckless']",0.5,1,1,2,1,1,1,1,0,0.5,0,2,1,1,1,2,1,1,55,30,40,30,Starly,30,60,70,245
"['Intimidate', 'Reckless']",0.5,1,1,2,1,1,1,1,0,0.5,0,2,1,1,1,2,1,1,75,50,55,40,Staravia,40,80,70,340
"['Intimidate', 'Reckless']",0.5,1,1,2,1,1,1,1,0,0.5,0,2,1,1,1,2,1,1,120,70,85,50,Staraptor,60,100,70,485
"['Simple', 'Unaware', 'Moody']",1,1,1,1,1,2,1,1,0,1,1,1,1,1,1,1,1,1,45,40,59,35,Bidoof,40,31,70,250
"['Simple', 'Unaware', 'Moody']",1,1,1,2,1,2,0.5,1,0,2,1,0.5,1,1,1,1,0.5,0.5,85,60,79,55,Bibarel,60,71,70,410
"['Shed Skin', 'Run Away']",1,1,1,1,1,0.5,2,2,1,0.5,0.5,1,1,1,1,2,1,1,25,41,37,25,Kricketot,41,25,70,194
"['Swarm', 'Technician']",1,1,1,1,1,0.5,2,2,1,0.5,0.5,1,1,1,1,2,1,1,85,51,77,55,Kricketune,51,65,70,384
"['Rivalry', 'Intimidate', 'Guts']",1,1,1,0.5,1,1,1,0.5,1,1,2,1,1,1,1,1,0.5,1,65,34,45,40,Shinx,34,45,70,263
"['Rivalry', 'Intimidate', 'Guts']",1,1,1,0.5,1,1,1,0.5,1,1,2,1,1,1,1,1,0.5,1,85,49,60,60,Luxio,49,60,100,363
"['Rivalry', 'Intimidate', 'Guts']",1,1,1,0.5,1,1,1,0.5,1,1,2,1,1,1,1,1,0.5,1,120,79,80,95,Luxray,79,70,70,523
"['Natural Cure', 'Poison Point', 'Leaf Guard']",1,1,1,0.5,0.5,0.5,2,2,1,0.25,1,2,1,1,2,1,1,0.5,30,35,40,50,Budew,70,55,70,280
"['Natural Cure', 'Poison Point', 'Technician']",1,1,1,0.5,0.5,0.5,2,2,1,0.25,1,2,1,1,2,1,1,0.5,70,65,60,125,Roserade,105,90,70,515
"['Mold Breaker', 'Sheer Force']",1,1,1,1,1,2,0.5,0.5,1,2,2,1,0.5,0.5,1,1,2,2,125,40,67,30,Cranidos,30,58,70,350
"['Mold Breaker', 'Sheer Force']",1,1,1,1,1,2,0.5,0.5,1,2,2,1,0.5,0.5,1,1,2,2,165,60,97,65,Rampardos,50,58,70,495
"['Sturdy', 'Soundproof']",0.5,1,0.5,1,0.5,4,1,0.25,1,1,4,0.5,0.25,0,0.5,0.5,1,2,42,118,30,42,Shieldon,88,30,70,350
"['Sturdy', 'Soundproof']",0.5,1,0.5,1,0.5,4,1,0.25,1,1,4,0.5,0.25,0,0.5,0.5,1,2,52,168,60,47,Bastiodon,138,30,70,495
"['Shed Skin', 'Overcoat']",1,1,1,1,1,0.5,2,2,1,0.5,0.5,1,1,1,1,2,1,1,29,45,40,29,Burmy,45,36,70,224
"['Anticipation', 'Overcoat']",2,1,1,0.5,1,0.5,4,4,1,0.25,0.25,2,1,2,1,2,1,0.5,69,95,60,69,Wormadam,95,36,70,424
"['Swarm', 'Tinted Lens']",0.5,1,1,2,1,0.25,2,2,1,0.25,0,2,1,1,1,4,1,1,94,50,70,94,Mothim,50,66,70,424
"['Honey Gather', 'Hustle']",0.5,1,1,2,1,0.25,2,2,1,0.25,0,2,1,1,1,4,1,1,30,42,30,30,Combee,42,70,70,244
"['Pressure', 'Unnerve']",0.5,1,1,2,1,0.25,2,2,1,0.25,0,2,1,1,1,4,1,1,80,102,70,80,Vespiquen,102,40,70,474
"['Run Away', 'Pickup', 'Volt Absorb']",1,1,1,0.5,1,1,1,0.5,1,1,2,1,1,1,1,1,0.5,1,45,70,60,45,Pachirisu,90,95,100,405
"['Swift Swim', 'Water Veil']",1,1,1,2,1,1,0.5,1,1,2,1,0.5,1,1,1,1,0.5,0.5,65,35,55,60,Buizel,30,85,70,330
"['Swift Swim', 'Water Veil']",1,1,1,2,1,1,0.5,1,1,2,1,0.5,1,1,1,1,0.5,0.5,105,55,85,85,Floatzel,50,115,70,495
['Chlorophyll'],2,1,1,0.5,1,1,2,2,1,0.5,0.5,2,1,2,1,1,1,0.5,35,45,45,62,Cherubi,53,35,70,275
['Flower Gift'],2,1,1,0.5,1,1,2,2,1,0.5,0.5,2,1,2,1,1,1,0.5,60,70,70,87,Cherrim,78,85,70,450
"['Sticky Hold', 'Storm Drain', 'Sand Force']",1,1,1,2,1,1,0.5,1,1,2,1,0.5,1,1,1,1,0.5,0.5,48,48,76,57,Shellos,62,34,70,325
"['Sticky Hold', 'Storm Drain', 'Sand Force']",1,1,1,0,1,1,0.5,1,1,4,1,1,1,0.5,1,0.5,0.5,1,83,68,111,92,Gastrodon,82,39,70,475
"['Technician', 'Pickup', 'Skill Link']",1,1,1,1,1,2,1,1,0,1,1,1,1,1,1,1,1,1,100,66,75,60,Ambipom,66,115,100,482
"['Aftermath', 'Unburden', 'Flare Boost']",0.25,2,1,2,1,0,1,1,2,0.5,0,2,0,0.5,1,2,1,1,50,34,90,60,Drifloon,44,70,70,348
"['Aftermath', 'Unburden', 'Flare Boost']",0.25,2,1,2,1,0,1,1,2,0.5,0,2,0,0.5,1,2,1,1,80,44,150,90,Drifblim,54,80,70,498
"['Run Away', 'Klutz', 'Limber']",1,1,1,1,1,2,1,1,0,1,1,1,1,1,1,1,1,1,66,44,55,44,Buneary,56,85,0,350
"['Cute Charm', 'Klutz', 'Limber']",1,1,1,1,1,2,1,1,0,1,1,1,1,1,1,1,1,1,136,94,65,54,Lopunny,96,135,140,580
['Levitate'],0.5,2,1,1,1,0,1,1,2,1,1,1,0,0.5,1,1,1,1,60,60,60,105,Mismagius,105,105,35,495
"['Insomnia', 'Super Luck', 'Moxie']",1,0.5,1,2,2,1,1,1,0.5,0.5,0,2,1,1,0,2,1,1,125,52,100,105,Honchkrow,52,71,35,505
"['Limber', 'Own Tempo', 'Keen Eye']",1,1,1,1,1,2,1,1,0,1,1,1,1,1,1,1,1,1,55,42,49,42,Glameow,37,85,70,310
"['Thick Fat', 'Own Tempo', 'Defiant']",1,1,1,1,1,2,1,1,0,1,1,1,1,1,1,1,1,1,82,64,71,64,Purugly,59,112,70,452
['Levitate'],2,2,1,1,1,0.5,1,1,2,1,1,1,1,1,0.5,1,1,1,30,50,45,65,Chingling,50,45,70,285
"['Stench', 'Aftermath', 'Keen Eye']",1,0.5,1,1,1,1,1,1,0.5,0.5,2,1,1,0.5,0,1,1,1,63,47,63,41,Stunky,41,74,70,329
"['Stench', 'Aftermath', 'Keen Eye']",1,0.5,1,1,1,1,1,1,0.5,0.5,2,1,1,0.5,0,1,1,1,93,67,103,71,Skuntank,61,84,70,479
"['Levitate', 'Heatproof', 'Heavy Metal']",1,2,0.5,1,0.5,1,2,0.5,2,0.5,2,0.5,0.5,0,0.25,0.5,0.5,1,24,86,57,24,Bronzor,86,23,70,300
"['Levitate', 'Heatproof', 'Heavy Metal']",1,2,0.5,1,0.5,1,2,0.5,2,0.5,2,0.5,0.5,0,0.25,0.5,0.5,1,89,116,67,79,Bronzong,116,33,70,500
"['Sturdy', 'Rock Head', 'Rattled']",1,1,1,1,1,2,0.5,0.5,1,2,2,1,0.5,0.5,1,1,2,2,80,95,50,10,Bonsly,45,10,70,290
"['Soundproof', 'Filter', 'Technician']",1,1,0,1,1,0.25,1,1,2,1,1,1,1,2,0.5,1,2,1,25,45,20,70,Mime Jr.,90,60,70,310
"['Natural Cure', 'Serene Grace', 'Friend Guard']",1,1,1,1,1,2,1,1,0,1,1,1,1,1,1,1,1,1,5,5,100,15,Happiny,65,30,140,220
"['Keen Eye', 'Tangled Feet', 'Big Pecks']",0.5,1,1,2,1,1,1,1,0,0.5,0,2,1,1,1,2,1,1,65,45,76,92,Chatot,42,91,35,411
"['Pressure', 'Infiltrator']",1,1,1,1,2,0,1,1,1,1,1,1,0,0.5,0,1,1,1,92,108,50,92,Spiritomb,108,35,70,485
"['Sand Veil', 'Rough Skin']",1,1,2,0,2,1,0.5,1,1,1,1,4,1,0.5,1,0.5,1,1,70,45,58,40,Gible,45,42,70,300
"['Sand Veil', 'Rough Skin']",1,1,2,0,2,1,0.5,1,1,1,1,4,1,0.5,1,0.5,1,1,90,65,68,50,Gabite,55,82,70,410
"['Sand Veil', 'Rough Skin']",1,1,2,0,2,1,0.5,1,1,1,1,4,1,0.5,1,0.5,1,1,170,115,108,120,Garchomp,95,92,70,700
"['Pickup', 'Thick Fat', 'Gluttony']",1,1,1,1,1,2,1,1,0,1,1,1,1,1,1,1,1,1,85,40,135,40,Munchlax,85,5,70,390
"['Steadfast', 'Inner Focus', 'Prankster']",0.5,0.5,1,1,2,1,1,2,1,1,1,1,1,1,2,0.5,1,1,70,40,40,35,Riolu,40,60,70,285
"['Steadfast', 'Inner Focus', 'Justified']",0.25,0.5,0.5,1,1,2,2,1,1,0.5,2,0.5,0.5,0,1,0.25,0.5,1,145,88,70,140,Lucario,70,112,70,625
"['Sand Stream', 'Sand Force']",1,1,1,0,1,1,1,1,1,2,1,2,1,0.5,1,0.5,1,2,72,78,68,38,Hippopotas,42,32,70,330
"['Sand Stream', 'Sand Force']",1,1,1,0,1,1,1,1,1,2,1,2,1,0.5,1,0.5,1,2,112,118,108,68,Hippowdon,72,47,70,525
"['Battle Armor', 'Sniper', 'Keen Eye']",0.5,1,1,1,0.5,0.25,2,2,1,0.25,1,1,1,0.5,2,2,1,1,50,90,40,30,Skorupi,55,65,70,330
"['Battle Armor', 'Sniper', 'Keen Eye']",1,0.5,1,1,1,1,1,1,0.5,0.5,2,1,1,0.5,0,1,1,1,90,110,70,60,Drapion,75,95,70,500
"['Anticipation', 'Dry Skin', 'Poison Touch']",0.25,0.5,1,1,1,0.5,1,2,1,0.5,2,1,1,0.5,4,0.5,1,1,61,40,48,61,Croagunk,40,50,100,300
"['Anticipation', 'Dry Skin', 'Poison Touch']",0.25,0.5,1,1,1,0.5,1,2,1,0.5,2,1,1,0.5,4,0.5,1,1,106,65,83,86,Toxicroak,65,85,70,490
['Levitate'],2,1,1,0.5,1,1,2,2,1,0.5,0.5,2,1,2,1,1,1,0.5,100,72,74,90,Carnivine,72,46,70,454
"['Swift Swim', 'Storm Drain', 'Water Veil']",1,1,1,2,1,1,0.5,1,1,2,1,0.5,1,1,1,1,0.5,0.5,49,56,49,49,Finneon,61,66,70,330
"['Swift Swim', 'Storm Drain', 'Water Veil']",1,1,1,2,1,1,0.5,1,1,2,1,0.5,1,1,1,1,0.5,0.5,69,76,69,69,Lumineon,86,91,70,460
"['Swift Swim', 'Water Absorb', 'Water Veil']",0.5,1,1,4,1,0.5,0.5,1,1,1,0,1,1,1,1,2,0.5,0.5,20,50,45,60,Mantyke,120,50,70,345
"['Snow Warning', 'Soundproof']",2,1,1,0.5,1,2,4,2,1,0.5,0.5,1,1,2,1,2,2,0.5,62,50,60,62,Snover,60,40,70,334
"['Snow Warning', 'Soundproof']",2,1,1,0.5,1,2,4,2,1,0.5,0.5,1,1,2,1,2,2,0.5,132,105,90,132,Abomasnow,105,30,70,594
"['Pressure', 'Pickpocket']",2,0.5,1,1,2,4,2,1,0.5,1,1,0.5,1,1,0,2,2,1,120,65,70,45,Weavile,85,125,35,510
"['Magnet Pull', 'Sturdy', 'Analytic']",0.5,1,0.5,0.5,0.5,2,2,0.25,1,0.5,4,0.5,0.5,0,0.5,0.5,0.25,1,70,115,70,130,Magnezone,90,60,70,535
"['Own Tempo', 'Oblivious', 'Cloud Nine']",1,1,1,1,1,2,1,1,0,1,1,1,1,1,1,1,1,1,85,95,110,80,Lickilicky,95,50,70,515
"['Lightningrod', 'Solid Rock', 'Reckless']",1,1,1,0,1,2,0.5,0.5,1,4,2,2,0.5,0.25,1,0.5,2,4,140,130,115,55,Rhyperior,55,40,70,535
"['Chlorophyll', 'Leaf Guard', 'Regenerator']",2,1,1,0.5,1,1,2,2,1,0.5,0.5,2,1,2,1,1,1,0.5,100,125,100,110,Tangrowth,50,50,70,535
"['Motor Drive', 'Vital Spirit']",1,1,1,0.5,1,1,1,0.5,1,1,2,1,1,1,1,1,0.5,1,123,67,75,95,Electivire,85,95,70,540
"['Flame Body', 'Vital Spirit']",0.5,1,1,1,0.5,1,0.5,1,1,0.5,2,0.5,1,1,1,2,0.5,2,95,67,75,125,Magmortar,95,83,70,540
"['Hustle', 'Serene Grace', 'Super Luck']",0.25,0.5,0,2,1,0.25,1,1,1,0.5,0,2,1,2,1,2,2,1,50,95,85,120,Togekiss,115,80,70,545
"['Speed Boost', 'Tinted Lens', 'Frisk']",0.5,1,1,2,1,0.25,2,2,1,0.25,0,2,1,1,1,4,1,1,76,86,86,116,Yanmega,56,95,70,515
"['Leaf Guard', 'Chlorophyll']",2,1,1,0.5,1,1,2,2,1,0.5,0.5,2,1,2,1,1,1,0.5,110,130,65,60,Leafeon,65,95,35,525
"['Snow Cloak', 'Ice Body']",1,1,1,1,1,2,2,1,1,1,1,0.5,1,1,1,2,2,1,60,110,65,130,Glaceon,95,65,35,525
"['Hyper Cutter', 'Sand Veil', 'Poison Heal']",0.5,1,1,0,1,0.5,1,1,1,1,0,4,1,0.5,1,1,1,2,95,125,75,45,Gliscor,75,95,70,510
"['Oblivious', 'Snow Cloak', 'Thick Fat']",1,1,1,0,1,2,2,1,1,2,1,1,1,0.5,1,1,2,2,130,80,110,70,Mamoswine,60,80,70,530
"['Adaptability', 'Download', 'Analytic']",1,1,1,1,1,2,1,1,0,1,1,1,1,1,1,1,1,1,80,70,85,135,Porygon-Z,75,90,70,535
"['Steadfast', 'Justified']",1,1,1,1,2,0.5,1,2,2,1,1,1,1,1,1,0.5,1,1,165,95,68,65,Gallade,115,110,35,618
"['Sturdy', 'Magnet Pull', 'Sand Force']",0.5,1,0.5,1,0.5,4,1,0.25,1,1,4,0.5,0.25,0,0.5,0.5,1,2,55,145,60,75,Probopass,150,40,70,525
"['Pressure', 'Frisk']",0.5,2,1,1,1,0,1,1,2,1,1,1,0,0.5,1,1,1,1,100,135,45,65,Dusknoir,135,45,35,525
"['Snow Cloak', 'Cursed Body']",0.5,2,1,1,1,0,2,1,2,1,1,0.5,0,0.5,1,2,2,1,80,70,70,80,Froslass,70,110,70,480
['Levitate'],0.5,2,1,0.5,1,0,1,0.5,2,1,2,1,0,0.5,1,1,0.5,1,65,107,50,105,Rotom,107,86,70,520
['Levitate'],2,2,1,1,1,0.5,1,1,2,1,1,1,1,1,0.5,1,1,1,75,130,75,75,Uxie,130,95,140,580
['Levitate'],2,2,1,1,1,0.5,1,1,2,1,1,1,1,1,0.5,1,1,1,105,105,80,105,Mesprit,105,80,140,580
['Levitate'],2,2,1,1,1,0.5,1,1,2,1,1,1,1,1,0.5,1,1,1,125,70,75,125,Azelf,70,115,140,580
"['Pressure', 'Telepathy']",0.5,1,1,0.5,1,2,1,0.5,1,0.25,2,1,0.5,0,0.5,0.5,0.5,0.5,120,120,100,150,Dialga,100,90,0,680
"['Pressure', 'Telepathy']",1,1,2,1,2,1,0.25,1,1,1,1,1,1,1,1,1,0.5,0.25,120,100,90,150,Palkia,120,100,0,680
"['Flash Fire', 'Flame Body']",0.25,1,0.5,1,0.25,2,1,0.5,1,0.25,4,0.25,0.5,0,0.5,1,0.25,2,90,106,91,130,Heatran,106,77,100,600
['Slow Start'],1,1,1,1,1,2,1,1,0,1,1,1,1,1,1,1,1,1,160,110,110,80,Regigigas,110,100,0,670
"['Pressure', 'Telepathy', 'Levitate']",0.5,2,2,0.5,2,0,0.5,1,2,0.5,1,2,0,0.5,1,1,1,0.5,120,100,150,120,Giratina,100,90,0,680
['Levitate'],2,2,1,1,1,0.5,1,1,2,1,1,1,1,1,0.5,1,1,1,70,120,120,75,Cresselia,130,85,100,600
['Hydration'],1,1,1,2,1,1,0.5,1,1,2,1,0.5,1,1,1,1,0.5,0.5,80,80,80,80,Phione,80,80,70,480
['Hydration'],1,1,1,2,1,1,0.5,1,1,2,1,0.5,1,1,1,1,0.5,0.5,100,100,100,100,Manaphy,100,100,70,600
['Bad Dreams'],2,0.5,1,1,2,2,1,1,0.5,1,1,1,1,1,0,1,1,1,90,90,70,135,Darkrai,90,125,0,600
"['Natural Cure', 'Serene Grace']",2,1,1,0.5,1,1,2,2,1,0.5,0.5,2,1,2,1,1,1,0.5,103,75,100,120,Shaymin,75,127,100,600
['Multitype'],1,1,1,1,1,2,1,1,0,1,1,1,1,1,1,1,1,1,120,120,120,120,Arceus,120,120,0,720
['Victory Star'],1,2,1,1,0.5,0.5,0.5,1,2,0.5,2,0.5,1,1,0.5,2,0.5,2,100,100,100,100,Victini,100,100,100,600
"['Overgrow', 'Contrary']",2,1,1,0.5,1,1,2,2,1,0.5,0.5,2,1,2,1,1,1,0.5,45,55,45,45,Snivy,55,63,70,308
"['Overgrow', 'Contrary']",2,1,1,0.5,1,1,2,2,1,0.5,0.5,2,1,2,1,1,1,0.5,60,75,60,60,Servine,75,83,70,413
"['Overgrow', 'Contrary']",2,1,1,0.5,1,1,2,2,1,0.5,0.5,2,1,2,1,1,1,0.5,75,95,75,75,Serperior,95,113,70,528
"['Blaze', 'Thick Fat']",0.5,1,1,1,0.5,1,0.5,1,1,0.5,2,0.5,1,1,1,2,0.5,2,63,45,65,45,Tepig,45,45,70,308
"['Blaze', 'Thick Fat']",0.25,0.5,1,1,1,1,0.5,2,1,0.5,2,0.5,1,1,2,1,0.5,2,93,55,90,70,Pignite,55,55,70,418
"['Blaze', 'Reckless']",0.25,0.5,1,1,1,1,0.5,2,1,0.5,2,0.5,1,1,2,1,0.5,2,123,65,110,100,Emboar,65,65,70,528
"['Torrent', 'Shell Armor']",1,1,1,2,1,1,0.5,1,1,2,1,0.5,1,1,1,1,0.5,0.5,55,45,55,63,Oshawott,45,45,70,308
"['Torrent', 'Shell Armor']",1,1,1,2,1,1,0.5,1,1,2,1,0.5,1,1,1,1,0.5,0.5,75,60,75,83,Dewott,60,60,70,413
"['Torrent', 'Shell Armor']",1,1,1,2,1,1,0.5,1,1,2,1,0.5,1,1,1,1,0.5,0.5,100,85,95,108,Samurott,70,70,70,528
"['Run Away', 'Keen Eye', 'Analytic']",1,1,1,1,1,2,1,1,0,1,1,1,1,1,1,1,1,1,55,39,45,35,Patrat,39,42,70,255
"['Illuminate', 'Keen Eye', 'Analytic']",1,1,1,1,1,2,1,1,0,1,1,1,1,1,1,1,1,1,85,69,60,60,Watchog,69,77,70,420
"['Vital Spirit', 'Pickup', 'Run Away']",1,1,1,1,1,2,1,1,0,1,1,1,1,1,1,1,1,1,60,45,45,25,Lillipup,45,55,70,275
"['Intimidate', 'Sand Rush', 'Scrappy']",1,1,1,1,1,2,1,1,0,1,1,1,1,1,1,1,1,1,80,65,65,35,Herdier,65,60,70,370
"['Intimidate', 'Sand Rush', 'Scrappy']",1,1,1,1,1,2,1,1,0,1,1,1,1,1,1,1,1,1,110,90,85,45,Stoutland,90,80,70,500
"['Limber', 'Unburden', 'Prankster']",2,0.5,1,1,2,2,1,1,0.5,1,1,1,1,1,0,1,1,1,50,37,41,50,Purrloin,37,66,70,281
"['Limber', 'Unburden', 'Prankster']",2,0.5,1,1,2,2,1,1,0.5,1,1,1,1,1,0,1,1,1,88,50,64,88,Liepard,50,106,70,446
"['Gluttony', 'Overgrow']",2,1,1,0.5,1,1,2,2,1,0.5,0.5,2,1,2,1,1,1,0.5,53,48,50,53,Pansage,48,64,70,316
"['Gluttony', 'Overgrow']",2,1,1,0.5,1,1,2,2,1,0.5,0.5,2,1,2,1,1,1,0.5,98,63,75,98,Simisage,63,101,70,498
"['Gluttony', 'Blaze']",0.5,1,1,1,0.5,1,0.5,1,1,0.5,2,0.5,1,1,1,2,0.5,2,53,48,50,53,Pansear,48,64,70,316
"['Gluttony', 'Blaze']",0.5,1,1,1,0.5,1,0.5,1,1,0.5,2,0.5,1,1,1,2,0.5,2,98,63,75,98,Simisear,63,101,70,498
"['Gluttony', 'Torrent']",1,1,1,2,1,1,0.5,1,1,2,1,0.5,1,1,1,1,0.5,0.5,53,48,50,53,Panpour,48,64,70,316
"['Gluttony', 'Torrent']",1,1,1,2,1,1,0.5,1,1,2,1,0.5,1,1,1,1,0.5,0.5,98,63,75,98,Simipour,63,101,70,498
"['Forewarn', 'Synchronize', 'Telepathy']",2,2,1,1,1,0.5,1,1,2,1,1,1,1,1,0.5,1,1,1,25,45,76,67,Munna,55,24,70,292
"['Forewarn', 'Synchronize', 'Telepathy']",2,2,1,1,1,0.5,1,1,2,1,1,1,1,1,0.5,1,1,1,55,85,116,107,Musharna,95,29,70,487
"['Big Pecks', 'Super Luck', 'Rivalry']",0.5,1,1,2,1,1,1,1,0,0.5,0,2,1,1,1,2,1,1,55,50,50,36,Pidove,30,43,70,264
"['Big Pecks', 'Super Luck', 'Rivalry']",0.5,1,1,2,1,1,1,1,0,0.5,0,2,1,1,1,2,1,1,77,62,62,50,Tranquill,42,65,70,358
"['Big Pecks', 'Super Luck', 'Rivalry']",0.5,1,1,2,1,1,1,1,0,0.5,0,2,1,1,1,2,1,1,115,80,80,65,Unfezant,55,93,70,488
"['Lightningrod', 'Motor Drive', 'Sap Sipper']",1,1,1,0.5,1,1,1,0.5,1,1,2,1,1,1,1,1,0.5,1,60,32,45,50,Blitzle,32,76,70,295
"['Lightningrod', 'Motor Drive', 'Sap Sipper']",1,1,1,0.5,1,1,1,0.5,1,1,2,1,1,1,1,1,0.5,1,100,63,75,80,Zebstrika,63,116,70,497
"['Sturdy', 'Weak Armor', 'Sand Force']",1,1,1,1,1,2,0.5,0.5,1,2,2,1,0.5,0.5,1,1,2,2,75,85,55,25,Roggenrola,25,15,70,280
"['Sturdy', 'Weak Armor', 'Sand Force']",1,1,1,1,1,2,0.5,0.5,1,2,2,1,0.5,0.5,1,1,2,2,105,105,70,50,Boldore,40,20,70,390
"['Sturdy', 'Sand Stream', 'Sand Force']",1,1,1,1,1,2,0.5,0.5,1,2,2,1,0.5,0.5,1,1,2,2,135,130,85,60,Gigalith,80,25,70,515
"['Unaware', 'Klutz', 'Simple']",1,2,1,2,1,0.25,1,1,2,0.5,0,2,1,1,0.5,2,1,1,45,43,65,55,Woobat,43,72,70,323
"['Unaware', 'Klutz', 'Simple']",1,2,1,2,1,0.25,1,1,2,0.5,0,2,1,1,0.5,2,1,1,57,55,67,77,Swoobat,55,114,70,425
"['Sand Rush', 'Sand Force', 'Mold Breaker']",1,1,1,0,1,1,1,1,1,2,1,2,1,0.5,1,0.5,1,2,85,40,60,30,Drilbur,45,68,70,328
"['Sand Rush', 'Sand Force', 'Mold Breaker']",0.5,1,0.5,0,0.5,2,2,0.5,1,1,2,1,0.5,0,0.5,0.25,0.5,2,135,60,110,50,Excadrill,65,88,70,508
"['Healer', 'Regenerator', 'Klutz']",1,1,1,1,1,2,1,1,0,1,1,1,1,1,1,1,1,1,60,126,103,80,Audino,126,50,70,545
"['Guts', 'Sheer Force', 'Iron Fist']",0.5,0.5,1,1,2,1,1,2,1,1,1,1,1,1,2,0.5,1,1,80,55,75,25,Timburr,35,35,70,305
"['Guts', 'Sheer Force', 'Iron Fist']",0.5,0.5,1,1,2,1,1,2,1,1,1,1,1,1,2,0.5,1,1,105,85,85,40,Gurdurr,50,40,70,405
"['Guts', 'Sheer Force', 'Iron Fist']",0.5,0.5,1,1,2,1,1,2,1,1,1,1,1,1,2,0.5,1,1,140,95,105,55,Conkeldurr,65,45,70,505
"['Swift Swim', 'Hydration', 'Water Absorb']",1,1,1,2,1,1,0.5,1,1,2,1,0.5,1,1,1,1,0.5,0.5,50,40,50,50,Tympole,40,64,70,294
"['Swift Swim', 'Hydration', 'Water Absorb']",1,1,1,0,1,1,0.5,1,1,4,1,1,1,0.5,1,0.5,0.5,1,65,55,75,65,Palpitoad,55,69,70,384
"['Swift Swim', 'Poison Touch', 'Water Absorb']",1,1,1,0,1,1,0.5,1,1,4,1,1,1,0.5,1,0.5,0.5,1,95,75,105,85,Seismitoad,75,74,70,509
"['Guts', 'Inner Focus', 'Mold Breaker']",0.5,0.5,1,1,2,1,1,2,1,1,1,1,1,1,2,0.5,1,1,100,85,120,30,Throh,85,45,70,465
"['Sturdy', 'Inner Focus', 'Mold Breaker']",0.5,0.5,1,1,2,1,1,2,1,1,1,1,1,1,2,0.5,1,1,125,75,75,30,Sawk,75,85,70,465
"['Swarm', 'Chlorophyll', 'Overcoat']",2,1,1,0.5,1,0.5,4,4,1,0.25,0.25,2,1,2,1,2,1,0.5,53,70,45,40,Sewaddle,60,42,70,310
"['Leaf Guard', 'Chlorophyll', 'Overcoat']",2,1,1,0.5,1,0.5,4,4,1,0.25,0.25,2,1,2,1,2,1,0.5,63,90,55,50,Swadloon,80,42,70,380
"['Swarm', 'Chlorophyll', 'Overcoat']",2,1,1,0.5,1,0.5,4,4,1,0.25,0.25,2,1,2,1,2,1,0.5,103,80,75,70,Leavanny,80,92,70,500
"['Poison Point', 'Swarm', 'Speed Boost']",0.5,1,1,1,0.5,0.25,2,2,1,0.25,1,1,1,0.5,2,2,1,1,45,59,30,30,Venipede,39,57,70,260
"['Poison Point', 'Swarm', 'Speed Boost']",0.5,1,1,1,0.5,0.25,2,2,1,0.25,1,1,1,0.5,2,2,1,1,55,99,40,40,Whirlipede,79,47,70,360
"['Poison Point', 'Swarm', 'Speed Boost']",0.5,1,1,1,0.5,0.25,2,2,1,0.25,1,1,1,0.5,2,2,1,1,100,89,60,55,Scolipede,69,112,70,485
"['Prankster', 'Infiltrator', 'Chlorophyll']",1,0.5,0,0.5,1,0.5,2,2,1,0.5,0.5,2,1,4,1,1,2,0.5,27,60,40,37,Cottonee,50,66,70,280
"['Prankster', 'Infiltrator', 'Chlorophyll']",1,0.5,0,0.5,1,0.5,2,2,1,0.5,0.5,2,1,4,1,1,2,0.5,67,85,60,77,Whimsicott,75,116,70,480
"['Chlorophyll', 'Own Tempo', 'Leaf Guard']",2,1,1,0.5,1,1,2,2,1,0.5,0.5,2,1,2,1,1,1,0.5,35,50,45,70,Petilil,50,30,70,280
"['Chlorophyll', 'Own Tempo', 'Leaf Guard']",2,1,1,0.5,1,1,2,2,1,0.5,0.5,2,1,2,1,1,1,0.5,60,75,70,110,Lilligant,75,90,70,480
"['Reckless', 'Rock Head', 'Adaptability', 'Mold Breaker']",1,1,1,2,1,1,0.5,1,1,2,1,0.5,1,1,1,1,0.5,0.5,92,65,70,80,Basculin,55,98,70,460
"['Intimidate', 'Moxie', 'Anger Point']",2,0.5,1,0,2,2,1,1,0.5,2,1,2,1,0.5,0,0.5,1,2,72,35,50,35,Sandile,35,65,70,292
"['Intimidate', 'Moxie', 'Anger Point']",2,0.5,1,0,2,2,1,1,0.5,2,1,2,1,0.5,0,0.5,1,2,82,45,60,45,Krokorok,45,74,70,351
"['Intimidate', 'Moxie', 'Anger Point']",2,0.5,1,0,2,2,1,1,0.5,2,1,2,1,0.5,0,0.5,1,2,117,80,95,65,Krookodile,70,92,70,519
"['Hustle', 'Inner Focus']",0.5,1,1,1,0.5,1,0.5,1,1,0.5,2,0.5,1,1,1,2,0.5,2,90,45,70,15,Darumaka,45,50,70,315
"['Sheer Force', 'Zen Mode']",0.5,1,1,1,0.5,1,0.5,1,1,0.5,2,0.5,1,1,1,2,0.5,2,30,105,105,140,Darmanitan,105,55,70,540
"['Water Absorb', 'Chlorophyll', 'Storm Drain']",2,1,1,0.5,1,1,2,2,1,0.5,0.5,2,1,2,1,1,1,0.5,86,67,75,106,Maractus,67,60,70,461
"['Sturdy', 'Shell Armor', 'Weak Armor']",1,1,1,1,1,1,1,1,1,1,1,1,0.5,0.5,1,2,2,2,65,85,50,35,Dwebble,35,55,70,325
"['Sturdy', 'Shell Armor', 'Weak Armor']",1,1,1,1,1,1,1,1,1,1,1,1,0.5,0.5,1,2,2,2,105,125,70,65,Crustle,75,45,70,485
"['Shed Skin', 'Moxie', 'Intimidate']",1,0.25,1,1,4,2,1,2,0.5,1,1,1,1,1,0,0.5,1,1,75,70,50,35,Scraggy,70,48,35,348
"['Shed Skin', 'Moxie', 'Intimidate']",1,0.25,1,1,4,2,1,2,0.5,1,1,1,1,1,0,0.5,1,1,90,115,65,45,Scrafty,115,58,70,488
"['Wonder Skin ', 'Magic Guard', 'Tinted Lens']",1,2,1,2,1,0.25,1,1,2,0.5,0,2,1,1,0.5,2,1,1,58,80,72,103,Sigilyph,80,97,70,490
['Mummy'],0.5,2,1,1,1,0,1,1,2,1,1,1,0,0.5,1,1,1,1,30,85,38,55,Yamask,65,30,70,303
['Mummy'],0.5,2,1,1,1,0,1,1,2,1,1,1,0,0.5,1,1,1,1,50,145,58,95,Cofagrigus,105,30,70,483
"['Solid Rock', 'Sturdy', 'Swift Swim']",1,1,1,2,1,2,0.25,0.5,1,4,2,0.5,0.5,0.5,1,1,1,1,78,103,54,53,Tirtouga,45,22,70,355
"['Solid Rock', 'Sturdy', 'Swift Swim']",1,1,1,2,1,2,0.25,0.5,1,4,2,0.5,0.5,0.5,1,1,1,1,108,133,74,83,Carracosta,65,32,70,495
['Defeatist'],0.5,1,1,2,1,1,0.5,0.5,1,1,0,2,0.5,0.5,1,2,2,2,112,45,55,74,Archen,45,70,70,401
['Defeatist'],0.5,1,1,2,1,1,0.5,0.5,1,1,0,2,0.5,0.5,1,2,2,2,140,65,75,112,Archeops,65,110,70,567
"['Stench', 'Sticky Hold', 'Aftermath']",0.5,1,1,1,0.5,0.5,1,1,1,0.5,2,1,1,0.5,2,1,1,1,50,62,50,40,Trubbish,62,65,70,329
"['Stench', 'Weak Armor', 'Aftermath']",0.5,1,1,1,0.5,0.5,1,1,1,0.5,2,1,1,0.5,2,1,1,1,95,82,80,60,Garbodor,82,75,70,474
['Illusion'],2,0.5,1,1,2,2,1,1,0.5,1,1,1,1,1,0,1,1,1,65,40,40,80,Zorua,40,65,70,330
['Illusion'],2,0.5,1,1,2,2,1,1,0.5,1,1,1,1,1,0,1,1,1,105,60,60,120,Zoroark,60,105,70,510
"['Cute Charm', 'Technician', 'Skill Link']",1,1,1,1,1,2,1,1,0,1,1,1,1,1,1,1,1,1,50,40,55,40,Minccino,40,75,70,300
"['Cute Charm', 'Technician', 'Skill Link']",1,1,1,1,1,2,1,1,0,1,1,1,1,1,1,1,1,1,95,60,75,65,Cinccino,60,115,70,470
"['Frisk', 'Competitive', 'Shadow Tag']",2,2,1,1,1,0.5,1,1,2,1,1,1,1,1,0.5,1,1,1,30,50,45,55,Gothita,65,45,70,290
"['Frisk', 'Competitive', 'Shadow Tag']",2,2,1,1,1,0.5,1,1,2,1,1,1,1,1,0.5,1,1,1,45,70,60,75,Gothorita,85,55,70,390
"['Frisk', 'Competitive', 'Shadow Tag']",2,2,1,1,1,0.5,1,1,2,1,1,1,1,1,0.5,1,1,1,55,95,70,95,Gothitelle,110,65,70,490
"['Overcoat', 'Magic Guard', 'Regenerator']",2,2,1,1,1,0.5,1,1,2,1,1,1,1,1,0.5,1,1,1,30,40,45,105,Solosis,50,20,70,290
"['Overcoat', 'Magic Guard', 'Regenerator']",2,2,1,1,1,0.5,1,1,2,1,1,1,1,1,0.5,1,1,1,40,50,65,125,Duosion,60,30,70,370
"['Overcoat', 'Magic Guard', 'Regenerator']",2,2,1,1,1,0.5,1,1,2,1,1,1,1,1,0.5,1,1,1,65,75,110,125,Reuniclus,85,30,70,490
"['Keen Eye', 'Big Pecks', 'Hydration']",0.5,1,1,4,1,0.5,0.5,1,1,1,0,1,1,1,1,2,0.5,0.5,44,50,62,44,Ducklett,50,55,70,305
"['Keen Eye', 'Big Pecks', 'Hydration']",0.5,1,1,4,1,0.5,0.5,1,1,1,0,1,1,1,1,2,0.5,0.5,87,63,75,87,Swanna,63,98,70,473
"['Ice Body', 'Snow Cloak', 'Weak Armor']",1,1,1,1,1,2,2,1,1,1,1,0.5,1,1,1,2,2,1,50,50,36,65,Vanillite,60,44,70,305
"['Ice Body', 'Snow Cloak', 'Weak Armor']",1,1,1,1,1,2,2,1,1,1,1,0.5,1,1,1,2,2,1,65,65,51,80,Vanillish,75,59,70,395
"['Ice Body', 'Snow Warning', 'Weak Armor']",1,1,1,1,1,2,2,1,1,1,1,0.5,1,1,1,2,2,1,95,85,71,110,Vanilluxe,95,79,70,535
"['Chlorophyll', 'Sap Sipper', 'Serene Grace']",2,1,1,0.5,1,2,2,2,0,0.5,0.5,2,1,2,1,1,1,0.5,60,50,60,40,Deerling,50,75,70,335
"['Chlorophyll', 'Sap Sipper', 'Serene Grace']",2,1,1,0.5,1,2,2,2,0,0.5,0.5,2,1,2,1,1,1,0.5,100,70,80,60,Sawsbuck,70,95,70,475
"['Static', 'Motor Drive']",0.5,1,1,1,1,0.5,1,0.5,1,0.5,0,2,1,1,1,2,0.5,1,75,60,55,75,Emolga,60,103,70,428
"['Swarm', 'Shed Skin', 'No Guard']",1,1,1,1,1,0.5,2,2,1,0.5,0.5,1,1,1,1,2,1,1,75,45,50,40,Karrablast,45,60,70,315
"['Swarm', 'Shell Armor', 'Overcoat']",0.5,1,0.5,1,0.5,1,4,1,1,0.25,1,0.5,0.5,0,0.5,1,0.5,1,135,105,70,60,Escavalier,105,20,70,495
"['Effect Spore', 'Regenerator']",1,1,1,0.5,0.5,0.5,2,2,1,0.25,1,2,1,1,2,1,1,0.5,55,45,69,55,Foongus,55,15,70,294
"['Effect Spore', 'Regenerator']",1,1,1,0.5,0.5,0.5,2,2,1,0.25,1,2,1,1,2,1,1,0.5,85,70,114,85,Amoonguss,80,30,70,464
"['Water Absorb', 'Cursed Body', 'Damp']",0.5,2,1,2,1,0,0.5,1,2,2,1,0.5,0,0.5,1,1,0.5,0.5,40,50,55,65,Frillish,85,40,70,335
"['Water Absorb', 'Cursed Body', 'Damp']",0.5,2,1,2,1,0,0.5,1,2,2,1,0.5,0,0.5,1,1,0.5,0.5,60,70,100,85,Jellicent,105,60,70,480
"['Healer', 'Hydration', 'Regenerator']",1,1,1,2,1,1,0.5,1,1,2,1,0.5,1,1,1,1,0.5,0.5,75,80,165,40,Alomomola,45,65,70,470
"['Compoundeyes', 'Unnerve', 'Swarm']",1,1,1,0.5,1,0.5,2,1,1,0.5,1,1,1,1,1,2,0.5,1,47,50,50,57,Joltik,50,65,70,319
"['Compoundeyes', 'Unnerve', 'Swarm']",1,1,1,0.5,1,0.5,2,1,1,0.5,1,1,1,1,1,2,0.5,1,77,60,70,97,Galvantula,60,108,70,472
['Iron Barbs'],1,1,0.5,0.5,0.5,2,4,1,1,0.25,1,1,0.5,0,0.5,0.5,0.5,0.5,50,91,44,24,Ferroseed,86,10,70,305
"['Iron Barbs', 'Anticipation']",1,1,0.5,0.5,0.5,2,4,1,1,0.25,1,1,0.5,0,0.5,0.5,0.5,0.5,94,131,74,54,Ferrothorn,116,20,70,489
"['Plus', 'Minus', 'Clear Body']",0.5,1,0.5,1,0.5,2,2,0.5,1,0.5,2,0.5,0.5,0,0.5,0.5,0.5,1,55,70,40,45,Klink,60,30,70,300
"['Plus', 'Minus', 'Clear Body']",0.5,1,0.5,1,0.5,2,2,0.5,1,0.5,2,0.5,0.5,0,0.5,0.5,0.5,1,80,95,60,70,Klang,85,50,70,440
"['Plus', 'Minus', 'Clear Body']",0.5,1,0.5,1,0.5,2,2,0.5,1,0.5,2,0.5,0.5,0,0.5,0.5,0.5,1,100,115,60,70,Klinklang,85,90,70,520
['Levitate'],1,1,1,0.5,1,1,1,0.5,1,1,2,1,1,1,1,1,0.5,1,55,40,35,45,Tynamo,40,60,70,275
['Levitate'],1,1,1,0.5,1,1,1,0.5,1,1,2,1,1,1,1,1,0.5,1,85,70,65,75,Eelektrik,70,40,70,405
['Levitate'],1,1,1,0.5,1,1,1,0.5,1,1,2,1,1,1,1,1,0.5,1,115,80,85,105,Eelektross,80,50,70,515
"['Telepathy', 'Synchronize', 'Analytic']",2,2,1,1,1,0.5,1,1,2,1,1,1,1,1,0.5,1,1,1,55,55,55,85,Elgyem,55,30,70,335
"['Telepathy', 'Synchronize', 'Analytic']",2,2,1,1,1,0.5,1,1,2,1,1,1,1,1,0.5,1,1,1,75,75,75,125,Beheeyem,95,40,70,485
"['Flash Fire', 'Flame Body', 'Infiltrator']",0.25,2,1,1,0.5,0,0.5,1,2,0.5,2,0.5,0,0.5,1,2,0.5,2,30,55,50,65,Litwick,55,20,70,275
"['Flash Fire', 'Flame Body', 'Infiltrator']",0.25,2,1,1,0.5,0,0.5,1,2,0.5,2,0.5,0,0.5,1,2,0.5,2,40,60,60,95,Lampent,60,55,70,370
"['Flash Fire', 'Flame Body', 'Infiltrator']",0.25,2,1,1,0.5,0,0.5,1,2,0.5,2,0.5,0,0.5,1,2,0.5,2,55,90,60,145,Chandelure,90,80,70,520
"['Rivalry', 'Mold Breaker', 'Unnerve']",1,1,2,0.5,2,1,0.5,1,1,0.5,1,2,1,1,1,1,1,0.5,87,60,46,30,Axew,40,57,35,320
"['Rivalry', 'Mold Breaker', 'Unnerve']",1,1,2,0.5,2,1,0.5,1,1,0.5,1,2,1,1,1,1,1,0.5,117,70,66,40,Fraxure,50,67,35,410
"['Rivalry', 'Mold Breaker', 'Unnerve']",1,1,2,0.5,2,1,0.5,1,1,0.5,1,2,1,1,1,1,1,0.5,147,90,76,60,Haxorus,70,97,35,540
"['Snow Cloak', 'Slush Rush', 'Rattled']",1,1,1,1,1,2,2,1,1,1,1,0.5,1,1,1,2,2,1,70,40,55,60,Cubchoo,40,40,70,305
"['Snow Cloak', 'Slush Rush', 'Swift Swim']",1,1,1,1,1,2,2,1,1,1,1,0.5,1,1,1,2,2,1,130,80,95,70,Beartic,80,50,70,505
['Levitate'],1,1,1,1,1,2,2,1,1,1,1,0.5,1,1,1,2,2,1,50,50,80,95,Cryogonal,135,105,70,515
"['Hydration', 'Shell Armor', 'Overcoat']",1,1,1,1,1,0.5,2,2,1,0.5,0.5,1,1,1,1,2,1,1,40,85,50,40,Shelmet,65,25,70,305
"['Hydration', 'Sticky Hold', 'Unburden']",1,1,1,1,1,0.5,2,2,1,0.5,0.5,1,1,1,1,2,1,1,70,40,80,100,Accelgor,60,145,70,495
"['Static', 'Limber', 'Sand Veil']",1,1,1,0,1,1,1,0.5,1,2,2,2,1,0.5,1,0.5,0.5,2,66,84,109,81,Stunfisk,99,32,70,471
"['Inner Focus', 'Regenerator', 'Reckless']",0.5,0.5,1,1,2,1,1,2,1,1,1,1,1,1,2,0.5,1,1,85,50,45,55,Mienfoo,50,65,70,350
"['Inner Focus', 'Regenerator', 'Reckless']",0.5,0.5,1,1,2,1,1,2,1,1,1,1,1,1,2,0.5,1,1,125,60,65,95,Mienshao,60,105,70,510
"['Rough Skin', 'Sheer Force', 'Mold Breaker']",1,1,2,0.5,2,1,0.5,1,1,0.5,1,2,1,1,1,1,1,0.5,120,90,77,60,Druddigon,90,48,70,485
"['Iron Fist', 'Klutz', 'No Guard']",0.5,2,1,0,1,0,1,1,2,2,1,2,0,0.25,1,0.5,1,2,74,50,59,35,Golett,50,35,70,303
"['Iron Fist', 'Klutz', 'No Guard']",0.5,2,1,0,1,0,1,1,2,2,1,2,0,0.25,1,0.5,1,2,124,80,89,55,Golurk,80,55,70,483
"['Defiant', 'Inner Focus', 'Pressure']",1,0.5,0.5,1,1,4,2,0.5,0.5,0.5,2,0.5,0.5,0,0,0.5,0.5,1,85,70,45,40,Pawniard,40,60,35,340
"['Defiant', 'Inner Focus', 'Pressure']",1,0.5,0.5,1,1,4,2,0.5,0.5,0.5,2,0.5,0.5,0,0,0.5,0.5,1,125,100,65,60,Bisharp,70,70,35,490
"['Reckless', 'Sap Sipper', 'Soundproof']",1,1,1,1,1,2,1,1,0,1,1,1,1,1,1,1,1,1,110,95,95,40,Bouffalant,95,55,70,490
"['Keen Eye', 'Sheer Force', 'Hustle']",0.5,1,1,2,1,1,1,1,0,0.5,0,2,1,1,1,2,1,1,83,50,70,37,Rufflet,50,60,70,350
"['Keen Eye', 'Sheer Force', 'Defiant']",0.5,1,1,2,1,1,1,1,0,0.5,0,2,1,1,1,2,1,1,123,75,100,57,Braviary,75,80,70,510
"['Big Pecks', 'Overcoat', 'Weak Armor']",1,0.5,1,2,2,1,1,1,0.5,0.5,0,2,1,1,0,2,1,1,55,75,70,45,Vullaby,65,60,35,370
"['Big Pecks', 'Overcoat', 'Weak Armor']",1,0.5,1,2,2,1,1,1,0.5,0.5,0,2,1,1,0,2,1,1,65,105,110,55,Mandibuzz,95,80,35,510
"['Gluttony', 'Flash Fire', 'White Smoke']",0.5,1,1,1,0.5,1,0.5,1,1,0.5,2,0.5,1,1,1,2,0.5,2,97,66,85,105,Heatmor,66,65,70,484
"['Swarm', 'Hustle', 'Truant']",0.5,1,0.5,1,0.5,1,4,1,1,0.25,1,0.5,0.5,0,0.5,1,0.5,1,109,112,58,48,Durant,48,109,70,484
['Hustle'],2,0.5,2,0.5,4,2,0.5,1,0.5,0.5,1,2,1,1,0,1,1,0.5,65,50,52,45,Deino,50,38,35,300
['Hustle'],2,0.5,2,0.5,4,2,0.5,1,0.5,0.5,1,2,1,1,0,1,1,0.5,85,70,72,65,Zweilous,70,58,35,420
['Levitate'],2,0.5,2,0.5,4,2,0.5,1,0.5,0.5,1,2,1,1,0,1,1,0.5,105,90,92,125,Hydreigon,90,98,35,600
"['Flame Body', 'Swarm']",0.5,1,1,1,0.5,0.5,1,2,1,0.25,1,0.5,1,1,1,4,0.5,2,85,55,55,50,Larvesta,55,60,70,360
"['Flame Body', 'Swarm']",0.5,1,1,1,0.5,0.5,1,2,1,0.25,1,0.5,1,1,1,4,0.5,2,60,65,85,135,Volcarona,105,100,70,550
['Justified'],0.25,0.5,0.5,1,1,2,2,1,1,0.5,2,0.5,0.5,0,1,0.25,0.5,1,90,129,91,90,Cobalion,72,108,35,580
['Justified'],0.5,0.5,1,1,2,2,0.5,1,1,2,2,1,0.5,0.5,2,0.5,2,2,129,90,91,72,Terrakion,90,108,35,580
['Justified'],1,0.5,1,0.5,2,1,2,4,1,0.5,0.5,2,1,2,2,0.5,1,0.5,90,72,91,90,Virizion,129,108,35,580
"['Prankster', 'Defiant', 'Regenerator']",0.5,1,1,2,1,0.5,1,1,1,0.5,0,2,1,1,1,2,1,1,100,80,79,110,Tornadus,90,121,90,580
"['Prankster', 'Defiant', 'Volt Absorb']",0.5,1,1,1,1,0.5,1,0.5,1,0.5,0,2,1,1,1,2,0.5,1,105,70,79,145,Thundurus,80,101,90,580
['Turboblaze'],0.5,1,2,0.5,1,1,0.25,1,1,0.25,2,1,1,1,1,2,0.5,1,120,100,100,150,Reshiram,120,90,0,680
['Teravolt'],1,1,2,0.25,2,1,0.5,0.5,1,0.5,2,2,1,1,1,1,0.5,0.5,150,120,100,120,Zekrom,100,90,0,680
"['Sand Force', 'Sheer Force', 'Intimidate']",0.5,1,1,0,1,0.5,1,1,1,1,0,4,1,0.5,1,1,1,2,145,90,89,105,Landorus,80,91,90,600
"['Pressure', 'Teravolt', 'Turboblaze']",1,1,2,0.5,2,2,1,1,1,0.5,1,1,1,1,1,2,2,0.5,120,90,125,170,Kyurem,100,95,0,700
['Justified'],0.5,0.5,1,2,2,1,0.5,2,1,2,1,0.5,1,1,2,0.5,0.5,0.5,72,90,91,129,Keldeo,90,108,35,580
['Serene Grace'],2,2,1,1,1,1,1,1,0,1,1,1,1,1,0.5,1,1,1,128,90,100,77,Meloetta,77,128,100,600
['Download'],0.5,1,0.5,1,0.5,1,4,1,1,0.25,1,0.5,0.5,0,0.5,1,0.5,1,120,95,71,120,Genesect,95,99,0,600
"['Overgrow', 'Bulletproof']",2,1,1,0.5,1,1,2,2,1,0.5,0.5,2,1,2,1,1,1,0.5,61,65,56,48,Chespin,45,38,70,313
"['Overgrow', 'Bulletproof']",2,1,1,0.5,1,1,2,2,1,0.5,0.5,2,1,2,1,1,1,0.5,78,95,61,56,Quilladin,58,57,70,405
"['Overgrow', 'Bulletproof']",1,0.5,1,0.5,2,1,2,4,1,0.5,0.5,2,1,2,2,0.5,1,0.5,107,122,88,74,Chesnaught,75,64,70,530
"['Blaze', 'Magician']",0.5,1,1,1,0.5,1,0.5,1,1,0.5,2,0.5,1,1,1,2,0.5,2,45,40,40,62,Fennekin,60,60,70,307
"['Blaze', 'Magician']",0.5,1,1,1,0.5,1,0.5,1,1,0.5,2,0.5,1,1,1,2,0.5,2,59,58,59,90,Braixen,70,73,70,409
"['Blaze', 'Magician']",1,2,1,1,0.5,0.5,0.5,1,2,0.5,2,0.5,1,1,0.5,2,0.5,2,69,72,75,114,Delphox,100,104,70,534
"['Torrent', 'Protean']",1,1,1,2,1,1,0.5,1,1,2,1,0.5,1,1,1,1,0.5,0.5,56,40,41,62,Froakie,44,71,70,314
"['Torrent', 'Protean']",1,1,1,2,1,1,0.5,1,1,2,1,0.5,1,1,1,1,0.5,0.5,63,52,54,83,Frogadier,56,97,70,405
"['Torrent', 'Protean', 'Battle Bond']",2,0.5,1,2,2,2,0.5,1,0.5,2,1,0.5,1,1,0,1,0.5,0.5,145,67,72,153,Greninja,71,132,70,640
"['Pickup', 'Cheek Pouch', 'Huge Power']",1,1,1,1,1,2,1,1,0,1,1,1,1,1,1,1,1,1,36,38,38,32,Bunnelby,36,57,70,237
"['Pickup', 'Cheek Pouch', 'Huge Power']",1,1,1,0,1,2,1,1,0,2,1,2,1,0.5,1,0.5,1,2,56,77,85,50,Diggersby,77,78,70,423
"['Big Pecks', 'Gale Wings']",0.5,1,1,2,1,1,1,1,0,0.5,0,2,1,1,1,2,1,1,50,43,45,40,Fletchling,38,62,70,278
"['Flame Body', 'Gale Wings']",0.25,1,1,2,0.5,0.5,0.5,1,1,0.25,0,1,1,1,1,4,0.5,2,73,55,62,56,Fletchinder,52,84,70,382
"['Flame Body', 'Gale Wings']",0.25,1,1,2,0.5,0.5,0.5,1,1,0.25,0,1,1,1,1,4,0.5,2,81,71,78,74,Talonflame,69,126,70,499
"['Shield Dust', 'Compoundeyes', 'Friend Guard']",1,1,1,1,1,0.5,2,2,1,0.5,0.5,1,1,1,1,2,1,1,35,40,38,27,Scatterbug,25,35,70,200
"['Shed Skin', 'Friend Guard']",1,1,1,1,1,0.5,2,2,1,0.5,0.5,1,1,1,1,2,1,1,22,60,45,27,Spewpa,30,29,70,213
"['Shield Dust', 'Compoundeyes', 'Friend Guard']",0.5,1,1,2,1,0.25,2,2,1,0.25,0,2,1,1,1,4,1,1,52,50,80,90,Vivillon,50,89,70,411
"['Rivalry', 'Unnerve', 'Moxie']",0.5,1,1,1,0.5,2,0.5,1,0,0.5,2,0.5,1,1,1,2,0.5,2,50,58,62,73,Litleo,54,72,70,369
"['Rivalry', 'Unnerve', 'Moxie']",0.5,1,1,1,0.5,2,0.5,1,0,0.5,2,0.5,1,1,1,2,0.5,2,68,72,86,109,Pyroar,66,106,70,507
"['Flower Veil', 'Symbiosis']",0.5,0.5,0,1,1,0.5,1,1,1,1,1,1,1,2,1,1,2,1,38,39,44,61,Flabí©bí©,79,42,70,303
"['Flower Veil', 'Symbiosis']",0.5,0.5,0,1,1,0.5,1,1,1,1,1,1,1,2,1,1,2,1,65,67,74,125,Floette,128,92,70,551
"['Flower Veil', 'Symbiosis']",0.5,0.5,0,1,1,0.5,1,1,1,1,1,1,1,2,1,1,2,1,65,68,78,112,Florges,154,75,70,552
"['Sap Sipper', 'Grass Pelt']",2,1,1,0.5,1,1,2,2,1,0.5,0.5,2,1,2,1,1,1,0.5,65,48,66,62,Skiddo,57,52,70,350
"['Sap Sipper', 'Grass Pelt']",2,1,1,0.5,1,1,2,2,1,0.5,0.5,2,1,2,1,1,1,0.5,100,62,123,97,Gogoat,81,68,70,531
"['Iron Fist', 'Mold Breaker', 'Scrappy']",0.5,0.5,1,1,2,1,1,2,1,1,1,1,1,1,2,0.5,1,1,82,62,67,46,Pancham,48,43,70,348
"['Iron Fist', 'Mold Breaker', 'Scrappy']",1,0.25,1,1,4,2,1,2,0.5,1,1,1,1,1,0,0.5,1,1,124,78,95,69,Pangoro,71,58,70,495
['Fur Coat'],1,1,1,1,1,2,1,1,0,1,1,1,1,1,1,1,1,1,80,60,75,65,Furfrou,90,102,70,472
"['Keen Eye', 'Infiltrator', 'Own Tempo']",2,2,1,1,1,0.5,1,1,2,1,1,1,1,1,0.5,1,1,1,48,54,62,63,Espurr,60,68,70,355
"['Keen Eye', 'Infiltrator', 'Prankster', 'Competitive']",2,2,1,1,1,0.5,1,1,2,1,1,1,1,1,0.5,1,1,1,48,76,74,83,Meowstic,81,104,70,466
['No Guard'],0.25,2,0.5,1,0.5,0,2,0.5,2,0.5,2,0.5,0,0,0.5,0.5,0.5,1,80,100,45,35,Honedge,37,28,70,325
['No Guard'],0.25,2,0.5,1,0.5,0,2,0.5,2,0.5,2,0.5,0,0,0.5,0.5,0.5,1,110,150,59,45,Doublade,49,35,70,448
['Stance Change'],0.25,2,0.5,1,0.5,0,2,0.5,2,0.5,2,0.5,0,0,0.5,0.5,0.5,1,150,50,60,150,Aegislash,50,60,70,520
"['Healer', 'Aroma Veil']",0.5,0.5,0,1,1,0.5,1,1,1,1,1,1,1,2,1,1,2,1,52,60,78,63,Spritzee,65,23,70,341
"['Healer', 'Aroma Veil']",0.5,0.5,0,1,1,0.5,1,1,1,1,1,1,1,2,1,1,2,1,72,72,101,99,Aromatisse,89,29,70,462
"['Sweet Veil', 'Unburden']",0.5,0.5,0,1,1,0.5,1,1,1,1,1,1,1,2,1,1,2,1,48,66,62,59,Swirlix,57,49,70,341
"['Sweet Veil', 'Unburden']",0.5,0.5,0,1,1,0.5,1,1,1,1,1,1,1,2,1,1,2,1,80,86,82,85,Slurpuff,75,72,70,480
"['Contrary', 'Suction Cups', 'Infiltrator']",4,1,1,1,2,1,1,1,1,1,1,1,1,1,0,1,1,1,54,53,53,37,Inkay,46,45,70,288
"['Contrary', 'Suction Cups', 'Infiltrator']",4,1,1,1,2,1,1,1,1,1,1,1,1,1,0,1,1,1,92,88,86,68,Malamar,75,73,70,482
"['Tough Claws', 'Sniper', 'Pickpocket']",1,1,1,2,1,2,0.25,0.5,1,4,2,0.5,0.5,0.5,1,1,1,1,52,67,42,39,Binacle,56,50,70,306
"['Tough Claws', 'Sniper', 'Pickpocket']",1,1,1,2,1,2,0.25,0.5,1,4,2,0.5,0.5,0.5,1,1,1,1,105,115,72,54,Barbaracle,86,68,70,500
"['Poison Point', 'Poison Touch', 'Adaptability']",0.5,1,1,2,0.5,0.5,0.5,1,1,1,2,0.5,1,0.5,2,1,0.5,0.5,60,60,50,60,Skrelp,60,30,70,320
"['Poison Point', 'Poison Touch', 'Adaptability']",0.5,1,2,0.5,1,0.5,0.5,1,1,0.25,2,2,1,0.5,2,1,1,0.5,75,90,65,97,Dragalge,123,44,70,494
['Mega Launcher'],1,1,1,2,1,1,0.5,1,1,2,1,0.5,1,1,1,1,0.5,0.5,53,62,50,58,Clauncher,63,44,70,330
['Mega Launcher'],1,1,1,2,1,1,0.5,1,1,2,1,0.5,1,1,1,1,0.5,0.5,73,88,71,120,Clawitzer,89,59,70,500
"['Dry Skin', 'Sand Veil', 'Solar Power']",1,1,1,0.5,1,2,1,0.5,0,1,2,1,1,1,1,1,0.5,1,38,33,44,61,Helioptile,43,70,70,289
"['Dry Skin', 'Sand Veil', 'Solar Power']",1,1,1,0.5,1,2,1,0.5,0,1,2,1,1,1,1,1,0.5,1,55,52,62,109,Heliolisk,94,109,70,481
"['Strong Jaw', 'Sturdy']",1,1,2,0.5,2,2,0.25,0.5,1,1,2,2,0.5,0.5,1,1,2,1,89,77,58,45,Tyrunt,45,48,70,362
"['Strong Jaw', 'Rock Head']",1,1,2,0.5,2,2,0.25,0.5,1,1,2,2,0.5,0.5,1,1,2,1,121,119,82,69,Tyrantrum,59,71,70,521
"['Refrigerate', 'Snow Warning']",1,1,1,1,1,4,1,0.5,1,2,2,0.5,0.5,0.5,1,2,4,2,59,50,77,67,Amaura,63,46,70,362
"['Refrigerate', 'Snow Warning']",1,1,1,1,1,4,1,0.5,1,2,2,0.5,0.5,0.5,1,2,4,2,77,72,123,99,Aurorus,92,58,70,521
"['Cute Charm', 'Pixilate']",0.5,0.5,0,1,1,0.5,1,1,1,1,1,1,1,2,1,1,2,1,65,65,95,110,Sylveon,130,60,70,525
"['Limber', 'Unburden', 'Mold Breaker']",0.25,0.5,1,2,2,0.5,1,2,1,0.5,0,2,1,1,2,1,1,1,92,75,78,74,Hawlucha,63,118,70,500
"['Cheek Pouch', 'Pickup', 'Plus']",0.5,0.5,0,0.5,1,0.5,1,0.5,1,1,2,1,1,2,1,1,1,1,58,57,67,81,Dedenne,67,101,70,431
"['Clear Body', 'Sturdy']",0.5,0.5,0,1,1,1,0.5,0.5,1,2,2,1,0.5,1,1,1,4,2,50,150,50,50,Carbink,150,50,70,500
"['Sap Sipper', 'Hydration', 'Gooey']",1,1,2,0.5,2,1,0.5,1,1,0.5,1,2,1,1,1,1,1,0.5,50,35,45,55,Goomy,75,40,35,300
"['Sap Sipper', 'Hydration', 'Gooey']",1,1,2,0.5,2,1,0.5,1,1,0.5,1,2,1,1,1,1,1,0.5,75,53,68,83,Sliggoo,113,60,35,452
"['Sap Sipper', 'Hydration', 'Gooey']",1,1,2,0.5,2,1,0.5,1,1,0.5,1,2,1,1,1,1,1,0.5,100,70,90,110,Goodra,150,80,35,600
"['Prankster', 'Magician']",0.25,0.5,0,1,0.5,1,2,0.5,1,0.5,2,0.5,0.5,0,0.5,0.5,1,1,80,91,57,80,Klefki,87,75,70,470
"['Natural Cure', 'Frisk', 'Harvest']",1,2,1,0.5,1,0,2,2,2,0.5,0.5,2,0,1,1,1,1,0.5,70,48,43,50,Phantump,60,38,70,309
"['Natural Cure', 'Frisk', 'Harvest']",1,2,1,0.5,1,0,2,2,2,0.5,0.5,2,0,1,1,1,1,0.5,110,76,85,65,Trevenant,82,56,70,474
"['Pickup', 'Frisk', 'Insomnia']",1,2,1,0.5,1,0,2,2,2,0.5,0.5,2,0,1,1,1,1,0.5,66,70,59,44,Pumpkaboo,55,41,70,335
"['Pickup', 'Frisk', 'Insomnia']",1,2,1,0.5,1,0,2,2,2,0.5,0.5,2,0,1,1,1,1,0.5,100,122,85,58,Gourgeist,75,54,70,494
"['Own Tempo', 'Ice Body', 'Sturdy']",1,1,1,1,1,2,2,1,1,1,1,0.5,1,1,1,2,2,1,69,85,55,32,Bergmite,35,28,70,304
"['Own Tempo', 'Ice Body', 'Sturdy']",1,1,1,1,1,2,2,1,1,1,1,0.5,1,1,1,2,2,1,117,184,95,44,Avalugg,46,28,70,514
"['Frisk', 'Infiltrator', 'Telepathy']",0.5,1,2,1,2,0.5,0.5,1,1,0.25,0,4,1,1,1,2,1,0.5,30,35,40,45,Noibat,40,55,70,245
"['Frisk', 'Infiltrator', 'Telepathy']",0.5,1,2,1,2,0.5,0.5,1,1,0.25,0,4,1,1,1,2,1,0.5,70,80,85,97,Noivern,80,123,70,535
['Fairy Aura'],0.5,0.5,0,1,1,0.5,1,1,1,1,1,1,1,2,1,1,2,1,131,95,126,131,Xerneas,98,99,0,680
['Dark Aura'],1,0.5,1,2,2,1,1,1,0.5,0.5,0,2,1,1,0,2,1,1,131,95,126,131,Yveltal,98,99,0,680
"['Aura Break', 'Power Construct']",1,1,2,0,2,1,0.5,1,1,1,1,4,1,0.5,1,0.5,1,1,100,121,216,91,Zygarde,95,85,0,708
['Clear Body'],0.5,0.5,0,1,1,1,0.5,0.5,1,2,2,1,0.5,1,1,1,4,2,160,110,50,160,Diancie,110,110,70,700
['Magician'],1,4,1,1,1,0,1,1,4,1,1,1,0,0.5,0.5,1,1,1,160,60,80,170,Hoopa,130,80,100,680
['Water Absorb'],0.5,1,1,2,0.5,1,0.25,1,1,1,2,0.25,1,1,1,2,0.25,1,110,120,80,130,Volcanion,90,70,100,600
"['Overgrow', 'Long Reach']",1,1,1,1,1,0.5,2,2,1,0.25,0,4,1,2,1,2,1,0.5,55,55,68,50,Rowlet,50,42,70,320
"['Overgrow', 'Long Reach']",1,1,1,1,1,0.5,2,2,1,0.25,0,4,1,2,1,2,1,0.5,75,75,78,70,Dartrix,70,52,70,420
"['Overgrow', 'Long Reach']",1,2,1,0.5,1,0,2,2,2,0.5,0.5,2,0,1,1,1,1,0.5,107,75,78,100,Decidueye,100,70,70,530
"['Blaze', 'Intimidate']",0.5,1,1,1,0.5,1,0.5,1,1,0.5,2,0.5,1,1,1,2,0.5,2,65,40,45,60,Litten,40,70,70,320
"['Blaze', 'Intimidate']",0.5,1,1,1,0.5,1,0.5,1,1,0.5,2,0.5,1,1,1,2,0.5,2,85,50,65,80,Torracat,50,90,70,420
"['Blaze', 'Intimidate']",1,0.5,1,1,1,2,0.5,1,0.5,0.5,2,0.5,1,1,0,2,0.5,2,115,90,95,80,Incineroar,90,60,70,530
"['Torrent', 'Liquid Voice']",1,1,1,2,1,1,0.5,1,1,2,1,0.5,1,1,1,1,0.5,0.5,54,54,50,66,Popplio,56,40,70,320
"['Torrent', 'Liquid Voice']",1,1,1,2,1,1,0.5,1,1,2,1,0.5,1,1,1,1,0.5,0.5,69,69,60,91,Brionne,81,50,70,420
"['Torrent', 'Liquid Voice']",0.5,0.5,0,2,1,0.5,0.5,1,1,2,1,0.5,1,2,1,1,1,0.5,74,74,80,126,Primarina,116,60,70,530
"['Keen Eye', 'Skill Link', 'Pickup']",0.5,1,1,2,1,1,1,1,0,0.5,0,2,1,1,1,2,1,1,75,30,35,30,Pikipek,30,65,70,265
"['Keen Eye', 'Skill Link', 'Pickup']",0.5,1,1,2,1,1,1,1,0,0.5,0,2,1,1,1,2,1,1,85,50,55,40,Trumbeak,50,75,70,355
"['Keen Eye', 'Skill Link', 'Sheer Force']",0.5,1,1,2,1,1,1,1,0,0.5,0,2,1,1,1,2,1,1,120,75,80,75,Toucannon,75,60,70,485
"['Stakeout', 'Strong Jaw', 'Adaptability']",1,1,1,1,1,2,1,1,0,1,1,1,1,1,1,1,1,1,70,30,48,30,Yungoos,30,45,70,253
"['Stakeout', 'Strong Jaw', 'Adaptability']",1,1,1,1,1,2,1,1,0,1,1,1,1,1,1,1,1,1,110,60,88,55,Gumshoos,60,45,70,418
['Swarm'],1,1,1,1,1,0.5,2,2,1,0.5,0.5,1,1,1,1,2,1,1,62,45,47,55,Grubbin,45,46,70,300
['Battery'],1,1,1,0.5,1,0.5,2,1,1,0.5,1,1,1,1,1,2,0.5,1,82,95,57,55,Charjabug,75,36,70,400
['Levitate'],1,1,1,0.5,1,0.5,2,1,1,0.5,1,1,1,1,1,2,0.5,1,70,90,77,145,Vikavolt,75,43,70,500
"['Hyper Cutter', 'Iron Fist', 'Anger Point']",0.5,0.5,1,1,2,1,1,2,1,1,1,1,1,1,2,0.5,1,1,82,57,47,42,Crabrawler,47,63,70,338
"['Hyper Cutter', 'Iron Fist', 'Anger Point']",0.5,0.5,1,1,2,2,2,2,1,1,1,0.5,1,1,2,1,2,1,132,77,97,62,Crabominable,67,43,70,478
['Dancer'],0.25,1,1,2,0.5,0.5,0.5,1,1,0.25,0,1,1,1,1,4,0.5,2,70,70,75,98,Oricorio,70,93,70,476
"['Honey Gather', 'Shield Dust', 'Sweet Veil']",0.5,0.5,0,1,1,0.25,2,2,1,0.5,0.5,1,1,2,1,2,2,1,45,40,40,55,Cutiefly,40,84,70,304
"['Honey Gather', 'Shield Dust', 'Sweet Veil']",0.5,0.5,0,1,1,0.25,2,2,1,0.5,0.5,1,1,2,1,2,2,1,55,60,60,95,Ribombee,70,124,70,464
"['Keen Eye', 'Vital Spirit', 'Steadfast']",1,1,1,1,1,2,0.5,0.5,1,2,2,1,0.5,0.5,1,1,2,2,65,40,45,30,Rockruff,40,60,70,280
"['Keen Eye', 'Sand Rush', 'Steadfast', 'Keen Eye', 'Vital Spirit', 'No Guard']",1,1,1,1,1,2,0.5,0.5,1,2,2,1,0.5,0.5,1,1,2,2,115,75,85,55,Lycanroc,75,82,70,487
['Schooling'],1,1,1,2,1,1,0.5,1,1,2,1,0.5,1,1,1,1,0.5,0.5,140,130,45,140,Wishiwashi,135,30,70,620
"['Merciless', 'Limber', 'Regenerator']",0.5,1,1,2,0.5,0.5,0.5,1,1,1,2,0.5,1,0.5,2,1,0.5,0.5,53,62,50,43,Mareanie,52,45,70,305
"['Merciless', 'Limber', 'Regenerator']",0.5,1,1,2,0.5,0.5,0.5,1,1,1,2,0.5,1,0.5,2,1,0.5,0.5,63,152,50,53,Toxapex,142,35,70,495
"['Own Tempo', 'Stamina', 'Inner Focus']",1,1,1,0,1,1,1,1,1,2,1,2,1,0.5,1,0.5,1,2,100,70,70,45,Mudbray,55,45,70,385
"['Own Tempo', 'Stamina', 'Inner Focus']",1,1,1,0,1,1,1,1,1,2,1,2,1,0.5,1,0.5,1,2,125,100,100,55,Mudsdale,85,35,70,500
"['Water Bubble', 'Water Absorb']",1,1,1,2,1,0.5,1,2,1,1,0.5,0.5,1,1,1,2,0.5,0.5,40,52,38,40,Dewpider,72,27,70,269
"['Water Bubble', 'Water Absorb']",1,1,1,2,1,0.5,1,2,1,1,0.5,0.5,1,1,1,2,0.5,0.5,70,92,68,50,Araquanid,132,42,70,454
"['Leaf Guard', 'Contrary']",2,1,1,0.5,1,1,2,2,1,0.5,0.5,2,1,2,1,1,1,0.5,55,35,40,50,Fomantis,35,35,70,250
"['Leaf Guard', 'Contrary']",2,1,1,0.5,1,1,2,2,1,0.5,0.5,2,1,2,1,1,1,0.5,105,90,70,80,Lurantis,90,45,70,480
"['Illuminate', 'Effect Spore', 'Rain Dish']",1,0.5,0,0.5,1,0.5,2,2,1,0.5,0.5,2,1,4,1,1,2,0.5,35,55,40,65,Morelull,75,15,70,285
"['Illuminate', 'Effect Spore', 'Rain Dish']",1,0.5,0,0.5,1,0.5,2,2,1,0.5,0.5,2,1,4,1,1,2,0.5,45,80,60,90,Shiinotic,100,30,70,405
"['Corrosion', 'Oblivious']",0.25,1,1,1,0.25,0.5,0.5,1,1,0.25,4,0.5,1,0.5,2,2,0.5,2,44,40,48,71,Salandit,40,77,70,320
"['Corrosion', 'Oblivious']",0.25,1,1,1,0.25,0.5,0.5,1,1,0.25,4,0.5,1,0.5,2,2,0.5,2,64,60,68,111,Salazzle,60,117,70,480
"['Fluffy', 'Klutz', 'Cute Charm']",0.5,0.5,1,1,2,2,1,2,0,1,1,1,1,1,2,0.5,1,1,75,50,70,45,Stufful,50,50,70,340
"['Fluffy', 'Klutz', 'Unnerve']",0.5,0.5,1,1,2,2,1,2,0,1,1,1,1,1,2,0.5,1,1,125,80,120,55,Bewear,60,60,70,500
"['Leaf Guard', 'Oblivious', 'Sweet Veil']",2,1,1,0.5,1,1,2,2,1,0.5,0.5,2,1,2,1,1,1,0.5,30,38,42,30,Bounsweet,38,32,70,210
"['Leaf Guard', 'Oblivious', 'Sweet Veil']",2,1,1,0.5,1,1,2,2,1,0.5,0.5,2,1,2,1,1,1,0.5,40,48,52,40,Steenee,48,62,70,290
"['Leaf Guard', 'Queenly Majesty', 'Sweet Veil']",2,1,1,0.5,1,1,2,2,1,0.5,0.5,2,1,2,1,1,1,0.5,120,98,72,50,Tsareena,98,72,70,510
"['Flower Veil', 'Triage', 'Natural Cure']",0.5,0.5,0,1,1,0.5,1,1,1,1,1,1,1,2,1,1,2,1,52,90,51,82,Comfey,110,100,70,485
"['Inner Focus', 'Telepathy', 'Symbiosis']",2,2,1,1,1,1,1,1,0,1,1,1,1,1,0.5,1,1,1,60,80,90,90,Oranguru,110,60,70,490
"['Receiver', 'Defiant']",0.5,0.5,1,1,2,1,1,2,1,1,1,1,1,1,2,0.5,1,1,120,90,100,40,Passimian,60,80,70,490
['Wimp Out'],1,1,1,2,1,0.5,1,2,1,1,0.5,0.5,1,1,1,2,0.5,0.5,35,40,25,20,Wimpod,30,80,70,230
['Emergency Exit'],1,1,1,2,1,0.5,1,2,1,1,0.5,0.5,1,1,1,2,0.5,0.5,125,140,75,60,Golisopod,90,40,70,530
"['Water Compaction', 'Sand Veil']",0.5,2,1,0,1,0,1,1,2,2,1,2,0,0.25,1,0.5,1,2,55,80,55,70,Sandygast,45,15,70,320
"['Water Compaction', 'Sand Veil']",0.5,2,1,0,1,0,1,1,2,2,1,2,0,0.25,1,0.5,1,2,75,110,85,100,Palossand,75,35,70,480
"['Innards Out', 'Unaware']",1,1,1,2,1,1,0.5,1,1,2,1,0.5,1,1,1,1,0.5,0.5,60,130,55,30,Pyukumuku,130,5,70,410
['Battle Armor'],1,1,1,1,1,2,1,1,0,1,1,1,1,1,1,1,1,1,95,95,95,95,Type: Null,95,59,0,534
['RKS System'],1,1,1,1,1,2,1,1,0,1,1,1,1,1,1,1,1,1,95,95,95,95,Silvally,95,95,0,570
['Shields Down'],0.5,1,1,2,1,1,0.5,0.5,1,1,0,2,0.5,0.5,1,2,2,2,100,60,60,100,Minior,60,120,70,500
['Comatose'],1,1,1,1,1,2,1,1,0,1,1,1,1,1,1,1,1,1,115,65,65,75,Komala,95,65,70,480
['Shell Armor'],0.5,1,2,0.5,1,1,0.25,1,1,0.25,2,1,1,1,1,2,0.5,1,78,135,60,91,Turtonator,85,36,70,485
"['Iron Barbs', 'Lightningrod', 'Sturdy']",0.5,1,0.5,0.5,0.5,2,2,0.25,1,0.5,4,0.5,0.5,0,0.5,0.5,0.25,1,98,63,65,40,Togedemaru,73,96,70,435
['Disguise'],0.25,1,0,1,1,0,1,1,2,1,1,1,0,1,1,1,2,1,90,80,55,50,Mimikyu,105,96,70,476
"['Dazzling', 'Strong Jaw', 'Wonder Skin ']",2,2,1,2,1,0.5,0.5,1,2,2,1,0.5,1,1,0.5,1,0.5,0.5,105,70,68,70,Bruxish,70,92,70,475
"['Berserk', 'Sap Sipper', 'Cloud Nine']",1,1,2,0.5,2,2,0.5,1,0,0.5,1,2,1,1,1,1,1,0.5,60,85,78,135,Drampa,91,36,70,485
['Steelworker'],1,2,1,0.5,1,0,2,2,2,0.5,0.5,2,0,1,1,1,1,0.5,131,100,70,86,Dhelmise,90,40,70,517
"['Bulletproof', 'Soundproof', 'Overcoat']",1,1,2,0.5,2,1,0.5,1,1,0.5,1,2,1,1,1,1,1,0.5,55,65,45,45,Jangmo-o,45,45,70,300
"['Bulletproof', 'Soundproof', 'Overcoat']",0.5,0.5,2,0.5,4,1,0.5,2,1,0.5,1,2,1,1,2,0.5,1,0.5,75,90,55,65,Hakamo-o,70,65,70,420
"['Bulletproof', 'Soundproof', 'Overcoat']",0.5,0.5,2,0.5,4,1,0.5,2,1,0.5,1,2,1,1,2,0.5,1,0.5,110,125,75,100,Kommo-o,105,85,70,600
"['Electric Surge', 'Telepathy']",0.5,0.5,0,0.5,1,0.5,1,0.5,1,1,2,1,1,2,1,1,1,1,115,85,70,95,Tapu Koko,75,130,70,570
"['Psychic Surge', 'Telepathy']",1,1,0,1,1,0.25,1,1,2,1,1,1,1,2,0.5,1,2,1,85,75,70,130,Tapu Lele,115,95,70,570
"['Grassy Surge', 'Telepathy']",1,0.5,0,0.5,1,0.5,2,2,1,0.5,0.5,2,1,4,1,1,2,0.5,130,115,70,85,Tapu Bulu,95,75,70,570
"['Misty Surge', 'Telepathy']",0.5,0.5,0,2,1,0.5,0.5,1,1,2,1,0.5,1,2,1,1,1,0.5,75,115,70,95,Tapu Fini,130,85,70,570
['Unaware'],2,2,1,1,1,0.5,1,1,2,1,1,1,1,1,0.5,1,1,1,29,31,43,29,Cosmog,31,37,0,200
['Sturdy'],2,2,1,1,1,0.5,1,1,2,1,1,1,1,1,0.5,1,1,1,29,131,43,29,Cosmoem,131,37,0,400
['Full Metal Body'],1,2,0.5,1,0.5,1,2,0.5,2,0.5,2,0.5,0.5,0,0.25,0.5,0.5,1,137,107,137,113,Solgaleo,89,97,0,680
['Shadow Shield'],1,4,1,1,1,0,1,1,4,1,1,1,0,0.5,0.5,1,1,1,113,89,137,137,Lunala,107,97,0,680
['Beast Boost'],0.5,1,1,1,0.5,1,0.5,0.5,1,1,4,1,0.5,0.25,2,1,2,2,53,47,109,127,Nihilego,131,103,0,570
['Beast Boost'],0.5,0.5,1,1,2,0.5,2,4,1,0.5,0.5,1,1,1,2,1,1,1,139,139,107,53,Buzzwole,53,79,0,570
['Beast Boost'],0.5,0.5,1,1,2,0.5,2,4,1,0.5,0.5,1,1,1,2,1,1,1,137,37,71,137,Pheromosa,37,151,0,570
['Beast Boost'],1,1,1,0.5,1,1,1,0.5,1,1,2,1,1,1,1,1,0.5,1,89,71,83,173,Xurkitree,71,83,0,570
['Beast Boost'],0.25,1,0.5,2,0.5,1,2,0.5,1,0.25,0,1,0.5,0,0.5,1,0.5,1,101,103,97,107,Celesteela,101,61,0,570
['Beast Boost'],1,1,0.5,0.5,0.5,2,4,1,1,0.25,1,1,0.5,0,0.5,0.5,0.5,0.5,181,131,59,59,Kartana,31,109,0,570
['Beast Boost'],2,0.5,2,0.5,4,2,0.5,1,0.5,0.5,1,2,1,1,0,1,1,0.5,101,53,223,97,Guzzlord,53,43,0,570
['Prism Armor'],2,2,1,1,1,0.5,1,1,2,1,1,1,1,1,0.5,1,1,1,107,101,97,127,Necrozma,89,79,0,600
['Soul-Heart'],0.25,0.5,0,1,0.5,1,2,0.5,1,0.5,2,0.5,0.5,0,0.5,0.5,1,1,95,115,80,130,Magearna,115,65,0,600